Workbook
Name city_list: INDEX(Country_Table[],,MATCH('User Inputs'!Selection,'User Inputs'!Country_List,0))
Name city_list: INDEX(Country_Table[],,MATCH(Selection,Country_List,0))
Name city_list2: INDEX(Country_Table[],1,'User Inputs'!col_num) : INDEX('List Selections'!#REF!, COUNTA('User Inputs'!entire_col), 'User Inputs'!col_num)
Name city_list2: INDEX(Country_Table[],1,col_num) : INDEX('List Selections'!#REF!, COUNTA(entire_col), col_num)
Name col_num: MATCH('User Inputs'!Selection,'User Inputs'!Country_List,0)
Name col_num: MATCH(Selection,Country_List,0)
Name Country_List: Country_Table[#Headers]
Name Country_List: Country_Table[#Headers]
Name entire_col: INDEX('User Inputs'!city_list,,'User Inputs'!col_num)
Name entire_col: INDEX(city_list,,col_num)
Name Selection: 'User Inputs'!$D1
Name Selection: 'Inputs (detail)'!$D1

Sheet User Inputs
B2: User Inputs
B4: Legend
B5: Boxes that are this color require a user input
B7: Global Inputs
C9: Unit | D9: Country | E9: City | F9: Team Size | G9: Mode of Travel | H9: Hotel Star
B10: Claimant | C10: - | D10: Germany | E10: Munich | F10: 3 | G10: Plane (Business) | H10: 3
B11: Claimant Counsel | C11: - | D11: Spain | E11: Madrid | F11: 4 | G11: Rail | H11: 5
B12: Claimant Expert | C12: - | D12: United Kingdom | E12: London | F12: 2 | G12: Plane (Business) | H12: 4
B13: Respondent | C13: - | D13: Italy | E13: Milan | F13: 2 | G13: Rail | H13: 5
B14: Respondent Counsel | C14: - | D14: Germany | E14: Frankfurt | F14: 5 | G14: Rail | H14: 3
B15: Respondent Expert | C15: - | D15: United Kingdom | E15: London | F15: 3 | G15: Plane (Business) | H15: 5
B16: Arbitrator 1 | C16: - | D16: United Kingdom | E16: London | F16: 1 | G16: Plane (Economy) | H16: 4
B17: Arbitrator 2 | C17: - | D17: France | E17: Paris | F17: 1 | G17: Plane (Economy) | H17: 4
B18: Arbitrator 3 | C18: - | D18: Poland | E18: Warsaw | F18: 1 | G18: Plane (Business) | H18: 5
B19: Hearing (if in person) | C19: - | D19: France | E19: Paris
B20: How many submissions in total? | C20: # | D20: 4
B21: Was the hearing virtual? | C21: - | D21: No
B22: Duration of arbitration | C22: months | D22: 24
B23: Duration of hearing | C23: days | D23: 5
B25: Claimant in-person meetings
D27: Claimant location | E27: Counsel location | F27: Expert location
B28: In-person meetings | C28: # | D28: 2 | E28: 0 | F28: 1
B29: Total duration of in-person meetings | C29: days | D29: 3 | E29: 0 | F29: 1
B30: Average number of attendees from Claimant | C30: # | D30: 3 | E30: 3 | F30: 2
B31: Average number of attendees from Counsel | C31: # | D31: 2 | E31: 4 | F31: 1
B32: Average number of attendees from Expert | C32: # | D32: 1 | E32: 1 | F32: 2
B34: Respondent in-person meetings
D36: Respondent location | E36: Counsel location | F36: Expert location
B37: In-person meetings | C37: # | D37: 1 | E37: 4 | F37: 1
B38: Total duration of in-person meetings | C38: days | D38: 5 | E38: 18 | F38: 5
B39: Average number of attendees from Respondent | C39: # | D39: 2 | E39: 2 | F39: 2
B40: Average number of attendees from Counsel | C40: # | D40: 3 | E40: 5 | F40: 2
B41: Average number of attendees from Expert | C41: # | D41: 2 | E41: 2 | F41: 3

Sheet Inputs (detail)
B2: User Inputs
B4: Legend
B5: Boxes that are this color require a user input
B7: Global Inputs
C8: Unit | D8: Country | E8: City | F8: Mode of Travel | G8: Hotel Type
B9: Locations
B10: Claimant | C10: country | D10: ='User Inputs'!D10 -> Germany | E10: ='User Inputs'!E10 -> Munich
B11: Claimant Counsel | C11: country | D11: ='User Inputs'!D11 -> Spain | E11: ='User Inputs'!E11 -> Madrid
B12: Claimant Expert | C12: country | D12: ='User Inputs'!D12 -> United Kingdom | E12: ='User Inputs'!E12 -> London
B13: Respondent | C13: country | D13: ='User Inputs'!D13 -> Italy | E13: ='User Inputs'!E13 -> Milan
B14: Respondent Counsel | C14: country | D14: ='User Inputs'!D14 -> Germany | E14: ='User Inputs'!E14 -> Frankfurt
B15: Respondent Expert | C15: country | D15: ='User Inputs'!D15 -> United Kingdom | E15: ='User Inputs'!E15 -> London
B16: Hearing | C16: country | D16: ='User Inputs'!D19 -> France | E16: ='User Inputs'!E19 -> Paris
B17: Arbitrator 1 | C17: country | D17: ='User Inputs'!D16 -> United Kingdom | E17: ='User Inputs'!E16 -> London | F17: ='User Inputs'!G16 -> Plane (Economy) | G17: ='User Inputs'!H16 -> 4
B18: Arbitrator 2 | C18: country | D18: ='User Inputs'!D17 -> France | E18: ='User Inputs'!E17 -> Paris | F18: ='User Inputs'!G17 -> Plane (Economy) | G18: ='User Inputs'!H17 -> 4
B19: Arbitrator 3 | C19: country | D19: ='User Inputs'!D18 -> Poland | E19: ='User Inputs'!E18 -> Warsaw | F19: ='User Inputs'!G18 -> Plane (Business) | G19: ='User Inputs'!H18 -> 5
B21: Durations
B22: Hearing length | C22: days | D22: ='User Inputs'!D23 -> 5
B23: Was the hearing virtual? | C23: - | D23: ='User Inputs'!D21 -> No
B26: Phase-specific Inputs | E26: Notes
B28: Claimant
B29: Claimant team size | C29: count | D29: ='User Inputs'!$F10 -> 3
B30: Claimant's Counsel team size | C30: count | D30: ='User Inputs'!$F11 -> 4
B31: Claimant's Expert team size | C31: count | D31: ='User Inputs'!$F12 -> 2
B33: Number of printed memos/reports | C33: count | D33: ='User Inputs'!D20/2*3*SUM(D29:D31)/2 -> 27 | E33: 3 printed memos/reports per phase, with printouts for half all team members
B34: Number of pages per memo | C34: pages | D34: 100 | E34: Assumed average of 100 pages per memo/report based on CGA insights
B35: Printed at Claimant location | C35: % | D35: =IFERROR(D29/SUM(D$29:D$31),0) -> 0.33333333 | E35: Assuming the quantity printed is based on the number of people at each location
B36: Printed at Counsel location | C36: % | D36: =IFERROR(D30/SUM(D$29:D$31),0) -> 0.44444444 | E36: Assuming the quantity printed is based on the number of people at each location
B37: Printed at Expert location | C37: % | D37: =IFERROR(D31/SUM(D$29:D$31),0) -> 0.22222222 | E37: Assuming the quantity printed is based on the number of people at each location
B38: Printed at Hearing location | C38: % | D38: 0 | E38: Assuming the quantity printed is based on the number of people at each location
B39: Number of emails | C39: emails | D39: =100*SUM(D29:D31) -> 900
B40: Notebooks Used | C40: count | D40: =1*SUM(D29:D31) -> 9 | E40: Assumed one per person
B41: Pen and Pencil Used | C41: count | D41: =2*SUM(D29:D31) -> 18 | E41: Assumed two per person
B42: Cup Usage | C42: count | D42: ='User Inputs'!D29*SUM('User Inputs'!D30:D32)+'User Inputs'!E29*SUM('User Inputs'!E30:E32)+'User Inputs'!F29*SUM('User Inputs'!F30:F32) -> 23 | E42: Assumed one per person per in-person meeting
B44: Data Generated | C44: Gigabytes | D44: ='User Inputs'!D20/2*5 -> 10 | E44: Assumed 5GB per phase/submission
B46: Number of in-person meetings at Claimant location | C46: count | D46: ='User Inputs'!D28 -> 2
B47: Total duration of meetings at Claimant location | C47: days | D47: ='User Inputs'!D29 -> 3
B48: Hotel type | C48: - | D48: =ROUND(AVERAGE('User Inputs'!H11:H12),0) -> 5
B49: Counsel team mode of transport | C49: - | D49: ='User Inputs'!G11 -> Rail
B50: Expert team mode of transport | C50: - | D50: ='User Inputs'!G12 -> Plane (Business)
B51: Number of in-person meetings at Counsel location | C51: count | D51: ='User Inputs'!E28 -> 0
B52: Total duration of meetings at Counsel location | C52: days | D52: ='User Inputs'!E29 -> 0
B53: Hotel type | C53: - | D53: =ROUND(AVERAGE('User Inputs'!H10,'User Inputs'!H12),0) -> 4
B54: Claimant team mode of transport | C54: - | D54: ='User Inputs'!G10 -> Plane (Business)
B55: Expert team mode of transport | C55: - | D55: ='User Inputs'!G12 -> Plane (Business)
B56: Number of in-person meetings at Expert location | C56: count | D56: ='User Inputs'!F28 -> 1
B57: Total duration of meetings at Expert location | C57: days | D57: ='User Inputs'!F29 -> 1
B58: Hotel type | C58: - | D58: =ROUND(AVERAGE('User Inputs'!H10:H11),0) -> 4
B59: Claimant team mode of transport | C59: - | D59: ='User Inputs'!G10 -> Plane (Business)
B60: Counsel team mode of transport | C60: - | D60: ='User Inputs'!G11 -> Rail
B62: Hotel type | C62: - | D62: =ROUND(AVERAGE('User Inputs'!H10:H12),0) -> 4
B63: Claimant team mode of transport to hearing | C63: - | D63: ='User Inputs'!G10 -> Plane (Business)
B64: Counsel team mode of transport to hearing | C64: - | D64: ='User Inputs'!G11 -> Rail
B65: Expert team mode of transport to hearing | C65: - | D65: ='User Inputs'!G12 -> Plane (Business)
B67: Respondent
B68: Respondent team size | C68: count | D68: ='User Inputs'!$F13 -> 2
B69: Respondent's Counsel team size | C69: count | D69: ='User Inputs'!$F14 -> 5
B70: Respondent's Expert team size | C70: count | D70: ='User Inputs'!$F15 -> 3
B72: Number of printed memos | C72: count | D72: ='User Inputs'!D20/2*3*SUM(D68:D70)/2 -> 30 | E72: 3 printed memos/reports per phase, with printouts for half all team members
B73: Number of pages per memo | C73: count | D73: 100 | E73: Assumed average of 100 pages per memo/report based on CGA insights
B74: Printed at Claimant location | C74: % | D74: =IFERROR(D68/SUM(D$68:D$70),0) -> 0.2 | E74: Assuming the quantity printed is based on the number of people at each location
B75: Printed at Counsel location | C75: % | D75: =IFERROR(D69/SUM(D$68:D$70),0) -> 0.5 | E75: Assuming the quantity printed is based on the number of people at each location
B76: Printed at Expert location | C76: % | D76: =IFERROR(D70/SUM(D$68:D$70),0) -> 0.3 | E76: Assuming the quantity printed is based on the number of people at each location
B77: Printed at Hearing location | C77: % | D77: 0 | E77: Assuming the quantity printed is based on the number of people at each location
B78: Number of emails | C78: emails | D78: =100*SUM(D68:D70) -> 1000
B79: Notebooks Used | C79: count | D79: =1*SUM(D68:D70) -> 10 | E79: Assumed one per person
B80: Pen and Pencil Used | C80: count | D80: =2*SUM(D68:D70) -> 20 | E80: Assumed two per person
B81: Cup Usage | C81: count | D81: ='User Inputs'!D38*SUM('User Inputs'!D39:D41)+'User Inputs'!E38*SUM('User Inputs'!E39:E41)+'User Inputs'!F38*SUM('User Inputs'!F39:F41) -> 232 | E81: Assumed one per person per in-person meeting
B83: Data Generated | C83: Gigabytes | D83: ='User Inputs'!D20/2*5 -> 10 | E83: Assumed 5GB per phase/submission
B85: Number of in-person meetings at Respondent location | C85: count | D85: ='User Inputs'!D37 -> 1
B86: Total duration of meetings at Respondent location | C86: days | D86: ='User Inputs'!D38 -> 5
B87: Hotel type | C87: - | D87: =ROUND(AVERAGE('User Inputs'!H14:H15),0) -> 4
B88: Counsel team mode of trasnport | C88: - | D88: ='User Inputs'!G14 -> Rail
B89: Expert team mode of transport | C89: - | D89: ='User Inputs'!G15 -> Plane (Business)
B90: Number of in-person meetings at Counsel location | C90: count | D90: ='User Inputs'!E37 -> 4
B91: Total duration of meetings at Counsel location | C91: days | D91: ='User Inputs'!E38 -> 18
B92: Hotel type | C92: - | D92: =ROUND(AVERAGE('User Inputs'!H13,'User Inputs'!H15),0) -> 5
B93: Respondent team mode of transport | C93: - | D93: ='User Inputs'!G13 -> Rail
B94: Expert team mode of transport | C94: - | D94: ='User Inputs'!G15 -> Plane (Business)
B95: Number of in-person meetings at Expert location | C95: count | D95: ='User Inputs'!F37 -> 1
B96: Total duration of meetings at Expert location | C96: days | D96: ='User Inputs'!F38 -> 5
B97: Hotel type | C97: - | D97: =ROUND(AVERAGE('User Inputs'!H13:H14),0) -> 4
B98: Respondent team mode of transport | C98: - | D98: ='User Inputs'!G13 -> Rail
B99: Counsel team mode of transport | C99: - | D99: ='User Inputs'!G14 -> Rail
B101: Hotel type (hearing) | C101: - | D101: =ROUND(AVERAGE('User Inputs'!H13:H15),0) -> 4
B102: Respondent team mode of transport to hearing | C102: - | D102: ='User Inputs'!G13 -> Rail
B103: Counsel team mode of transport to hearing | C103: - | D103: ='User Inputs'!G14 -> Rail
B104: Expert team mode of transport to hearing | C104: - | D104: ='User Inputs'!G15 -> Plane (Business)
B106: Tribunal
B107: Data Generated | D107: =D83 -> 10
B108: Arbitrator 1 | D108: =D107 -> 10
B109: Arbitrator 2 | D109: =D108 -> 10
B110: Arbitrator 3

Sheet Outputs
B2: Results
B4: Claimant
B5: Scope 2 | D5: kgCO2e
B6: Printing & Email | D6: =SUM('Emissions Calcs'!C11:C15) -> 3.6040776
B7: Computer Use | D7: ='Emissions Calcs'!C16 -> 208.8
B8: Total Scope 2 | D8: =SUM(D6:D7) -> 212.40408
B10: Scope 3 | D10: kgCO2e
B11: Printing & Email | D11: =SUM('Emissions Calcs'!C30:C34) -> 3.6366987
B12: Data Storage | D12: ='Emissions Calcs'!C57 -> 35.073255
B13: Computer Manufacturing and Operating | D13: ='Emissions Calcs'!C35 -> 1183.2
B14: Travel | D14: =SUM('Emissions Calcs'!C41:C42,'Emissions Calcs'!C45:C46,'Emissions Calcs'!C49:C50,'Emissions Calcs'!C53:C55) -> 5859.0953
B15: Hotel Stays | D15: =SUM('Emissions Calcs'!C40,'Emissions Calcs'!C44,'Emissions Calcs'!C48,'Emissions Calcs'!C52) -> 1427.2799
B16: Material Use | D16: =SUM('Emissions Calcs'!C36:C38) -> 4.4649542
B17: Total Scope 3 | D17: =SUM(D11:D16) -> 8512.7501
B19: Total Claimant | D19: =SUM(D17,D8) -> 8725.1542
B21: Respondent
B22: Scope 2 | D22: kgCO2e
B23: Printing & Email | D23: =SUM('Emissions Calcs'!C19:C23) -> 4.0585688
B24: Computer Use | D24: ='Emissions Calcs'!C24 -> 232
B25: Total Scope 2 | D25: =SUM(D23:D24) -> 236.05857
B27: Scope 3 | D27: kgCO2e
B28: Printing & Email | D28: =SUM('Emissions Calcs'!C60:C64) -> 4.0585688
B29: Data Storage | D29: ='Emissions Calcs'!C87 -> 42.145079
B30: Computer Manufacturing and Operating | D30: ='Emissions Calcs'!C65 -> 1314.6667
B31: Travel | D31: =SUM('Emissions Calcs'!C71:C72,'Emissions Calcs'!C75:C76,'Emissions Calcs'!C79:C80,'Emissions Calcs'!C83:C85) -> 23833.925
B32: Hotel Stays | D32: =SUM('Emissions Calcs'!C70,'Emissions Calcs'!C74,'Emissions Calcs'!C78,'Emissions Calcs'!C82) -> 7883.5214
B33: Material Use | D33: =SUM('Emissions Calcs'!C66:C68) -> 6.6332603
B34: Total Scope 3 | D34: =SUM(D28:D33) -> 33084.95
B36: Total Respondent | D36: =SUM(D34,D25) -> 33321.008
B38: Arbitrators
B39: Scope 2
B40: Printing & Email | D40: =SUM('Emissions Calcs'!C99:C101) -> 0.015660947
B41: Computer Use | D41: =SUM('Emissions Calcs'!C107) -> 69.6
B42: Total Scope 2 | D42: =SUM(D40:D41) -> 69.615661
B44: Scope 3
B45: Printing & Email | D45: =SUM('Emissions Calcs'!C103:C105) -> 0.0071883745
B46: Data Storage | D46: =SUM('Emissions Calcs'!C111:C113) -> 43.52003
B47: Computer Manufacturing and Operating | D47: =SUM('Emissions Calcs'!C109) -> 394.4
B48: Travel to Hearing | D48: =SUM('Emissions Calcs'!C91:C93) -> 446.47165
B49: Hotel Stays at Hearing Location | D49: =SUM('Emissions Calcs'!C95:C97) -> 174.37231
B50: Material Use | D50: =SUM('Emissions Calcs'!C115) -> 1.7523497
B51: Total Scope 3 | D51: =SUM(D45:D50) -> 1060.5235
B53: Total Arbitrators
B55: Total Arbitration Scope 2 | D55: =D42+D8+D25 -> 518.07831
B56: Total Arbitration Scope 3 | D56: =D51+D34+D17 -> 42658.223
B57: Total Arbitration | D57: =SUM(D36,D19) -> 42046.163

Sheet Assumptions
B2: Model Assumptions
B4: Assumption | D4: Units | E4: Quantity | F4: Notes | G4: Source
B6: Printing
B7: Copy per person involved | D7: item | E7: 1 | F7: Assumed
B8: Electricity consumption when printing | D8: Wh | E8: 400 | G8: https://energyusecalculator.com/electricity_printer.htm
B9: Printed pages per minute (ppm) | D9: ppm | E9: 1000 | F9: Assumed
B10: Printed pages per hour | D10: pages | E10: 60000 | F10: Assumed
B11: Electricity consumption when printing | D11: kWh/page | E11: =E8/E10/1000 -> 6.6666667e-06
B12: WTT - UK | D12: kgCO2e/kWh | E12: 0.459 | F12: Used with EI electricity generation by country to calculate scope 3 emissions | G12: UK Government GHG Conversion Factors for Company Reporting
B14: Computer Use
B15: Laptop + screen at office + screen at home annual per person | D15: kgCO2e | E15: 928 | G15: https://www.it.ox.ac.uk/article/environment-and-it
B16: Use, in months | D16: Months | E16: 72 | F16: Assumed
B17: Laptop + screen at office + screen at home monthly per person assigned at this case | D17: kgCO2e | E17: =(E15/72)*E18 -> 6.4444444 | G17: Assuming 50% of each person's computer time is dedicated to this case
B18: Computer use time assigned on this case | E18: 0.5
B19: Computer Use Scope 2 (%) | E19: 0.15 | G19: https://www.it.ox.ac.uk/article/environment-and-it
B20: Computer Use Scope 3 (%) | E20: 0.85 | G20: https://www.it.ox.ac.uk/article/environment-and-it
B21: Emissions of one email | D21: kgCO2 | E21: 0.004 | G21: https://www.biospheresustainable.com/en/blog/65/digital-carbon-footprint-what-is-involved-in-sending-an-email
B22: Data storage (active) | D22: kWh/GB | E22: 5 | G22: https://stanfordmag.org/contents/carbon-and-the-cloud
B23: Data storage (archive) | D23: kWh/GB/year | E23: 0.002 | F23: Assumed for tape storage of cold data
B25: Materials Use
B26: GHG emissions per paper cup | D26: kgCO2e | E26: 0.0081 | F26: When disposed following European rules | G26: https://www.huhtamaki.com/globalassets/global/highlights/responsibility/taking-a-closer-look-at-paper-cups-for-coffee.pdf
B27: Paper production per tonne | D27: kgCO2e | E27: 910.4781 | G27: UK Government GHG Conversion Factors for Company Reporting
B28: Average plastics production per tonne | D28: kgCO2e | E28: 3102.4485 | G28: UK Government GHG Conversion Factors for Company Reporting
B30: Travel
B31: Car (non-electric) | D31: kgCO2e/km (per passenger) | E31: 0.15090452 | F31: Average size car, average of petrol, diesel and mild hybrid | G31: UK Government GHG Conversion Factors for Company Reporting
B32: Car (electric) | D32: kgCO2e/km (per passenger) | E32: 0.054796442 | F32: Average size car, full electric | G32: UK Government GHG Conversion Factors for Company Reporting
B33: Plane (Economy) short haul | D33: kgCO2e/km (per passenger) | E33: 0.18286935 | G33: UK Government GHG Conversion Factors for Company Reporting
B34: Plane (Business) short haul | D34: kgCO2e/km (per passenger) | E34: 0.27430288 | G34: UK Government GHG Conversion Factors for Company Reporting
B35: Plane (Economy) long haul | D35: kgCO2e/km (per passenger) | E35: 0.13464333 | G35: UK Government GHG Conversion Factors for Company Reporting
B36: Plane (Business) long haul | D36: kgCO2e/km (per passenger) | E36: 0.39044321 | G36: UK Government GHG Conversion Factors for Company Reporting
B37: Long haul threshold | D37: km | E37: 3000 | F37: Assumed
B38: Rail | D38: kgCO2e/km (per passenger) | E38: 0.019961021 | F38: Average of national and international rail | G38: UK Government GHG Conversion Factors for Company Reporting

Sheet Helpers >

Sheet Transport Calcs
B2: Intermediate Transport Calculations
B4: Notes
B6: No values on this sheet should be edited. All values should be linked back to "User Inputs".
B7: This sheet calculated emissions per single trip. Total transport emissions are calculated in the next tab.
C9: Plane (Economy) | D9: Plane (Economy) | E9: Plane (Economy) | F9: Plane (Economy) | G9: Plane (Business) | H9: Plane (Business) | I9: Plane (Business) | J9: Plane (Business) | K9: Rail | L9: Rail | M9: Rail | N9: Rail | O9: Car (non-electric) | P9: Car (non-electric) | Q9: Car (non-electric) | R9: Car (non-electric) | S9: Car (electric) | T9: Car (electric) | U9: Car (electric) | V9: Car (electric)
C10: Claimant | D10: Claimant Counsel | E10: Claimant Expert | F10: Hearing | G10: Claimant | H10: Claimant Counsel | I10: Claimant Expert | J10: Hearing | K10: Claimant | L10: Claimant Counsel | M10: Claimant Expert | N10: Hearing | O10: Claimant | P10: Claimant Counsel | Q10: Claimant Expert | R10: Hearing | S10: Claimant | T10: Claimant Counsel | U10: Claimant Expert | V10: Hearing
B11: Claimant | C11: =IF($B11=C$10,0,INDEX('Travel Matrix'!$D$7:$GT$205,MATCH(INDEX('Inputs (detail)'!$E$10:$E$16,MATCH($B11,'Inputs (detail)'!$B$10:$B$16,0)),'Travel Matrix'!$C$7:$C$205,0),MATCH(INDEX('Inputs (detail)'!$E$10:$E$16,MATCH(C$10,'Inputs (detail)'!$B$10:$B$16,0)),'Travel Matrix'!$D$6:$GT$6,0))*IF(INDEX('Travel Matrix'!$D$7:$GT$205,MATCH(INDEX('Inputs (detail)'!$E$10:$E$16,MATCH($B11,'Inputs (detail)'!$B$10:$B$16,0)),'Travel Matrix'!$C$7:$C$205,0),MATCH(INDEX('Inputs (detail)'!$E$10:$E$16,MATCH(C$10,'Inputs (detail)'!$B$10:$B$16,0)),'Travel Matrix'!$D$6:$GT$6,0))>Assumptions!$E$37,IF(C$9="Plane (Economy)",Assumptions!$E$35,Assumptions!$E$36),IF(C$9="Plane (Economy)",Assumptions!$E$33,Assumptions!$E$34))) -> 0 | D11: =IF($B11=D$10,0,INDEX('Travel Matrix'!$D$7:$GT$205,MATCH(INDEX('Inputs (detail)'!$E$10:$E$16,MATCH($B11,'Inputs (detail)'!$B$10:$B$16,0)),'Travel Matrix'!$C$7:$C$205,0),MATCH(INDEX('Inputs (detail)'!$E$10:$E$16,MATCH(D$10,'Inputs (detail)'!$B$10:$B$16,0)),'Travel Matrix'!$D$6:$GT$6,0))*IF(INDEX('Travel Matrix'!$D$7:$GT$205,MATCH(INDEX('Inputs (detail)'!$E$10:$E$16,MATCH($B11,'Inputs (detail)'!$B$10:$B$16,0)),'Travel Matrix'!$C$7:$C$205,0),MATCH(INDEX('Inputs (detail)'!$E$10:$E$16,MATCH(D$10,'Inputs (detail)'!$B$10:$B$16,0)),'Travel Matrix'!$D$6:$GT$6,0))>Assumptions!$E$37,IF(D$9="Plane (Economy)",Assumptions!$E$35,Assumptions!$E$36),IF(D$9="Plane (Economy)",Assumptions!$E$33,Assumptions!$E$34))) -> 270.76574 | E11: =IF($B11=E$10,0,INDEX('Travel Matrix'!$D$7:$GT$205,MATCH(INDEX('Inputs (detail)'!$E$10:$E$16,MATCH($B11,'Inputs (detail)'!$B$10:$B$16,0)),'Travel Matrix'!$C$7:$C$205,0),MATCH(INDEX('Inputs (detail)'!$E$10:$E$16,MATCH(E$10,'Inputs (detail)'!$B$10:$B$16,0)),'Travel Matrix'!$D$6:$GT$6,0))*IF(INDEX('Travel Matrix'!$D$7:$GT$205,MATCH(INDEX('Inputs (detail)'!$E$10:$E$16,MATCH($B11,'Inputs (detail)'!$B$10:$B$16,0)),'Travel Matrix'!$C$7:$C$205,0),MATCH(INDEX('Inputs (detail)'!$E$10:$E$16,MATCH(E$10,'Inputs (detail)'!$B$10:$B$16,0)),'Travel Matrix'!$D$6:$GT$6,0))>Assumptions!$E$37,IF(E$9="Plane (Economy)",Assumptions!$E$35,Assumptions!$E$36),IF(E$9="Plane (Economy)",Assumptions!$E$33,Assumptions!$E$34))) -> 166.07063 | F11: =IF($B11=F$10,0,INDEX('Travel Matrix'!$D$7:$GT$205,MATCH(INDEX('Inputs (detail)'!$E$10:$E$16,MATCH($B11,'Inputs (detail)'!$B$10:$B$16,0)),'Travel Matrix'!$C$7:$C$205,0),MATCH(INDEX('Inputs (detail)'!$E$10:$E$16,MATCH(F$10,'Inputs (detail)'!$B$10:$B$16,0)),'Travel Matrix'!$D$6:$GT$6,0))*IF(INDEX('Travel Matrix'!$D$7:$GT$205,MATCH(INDEX('Inputs (detail)'!$E$10:$E$16,MATCH($B11,'Inputs (detail)'!$B$10:$B$16,0)),'Travel Matrix'!$C$7:$C$205,0),MATCH(INDEX('Inputs (detail)'!$E$10:$E$16,MATCH(F$10,'Inputs (detail)'!$B$10:$B$16,0)),'Travel Matrix'!$D$6:$GT$6,0))>Assumptions!$E$37,IF(F$9="Plane (Economy)",Assumptions!$E$35,Assumptions!$E$36),IF(F$9="Plane (Economy)",Assumptions!$E$33,Assumptions!$E$34))) -> 127.00242 | G11: =IF($B11=G$10,0,INDEX('Travel Matrix'!$D$7:$GT$205,MATCH(INDEX('Inputs (detail)'!$E$10:$E$16,MATCH($B11,'Inputs (detail)'!$B$10:$B$16,0)),'Travel Matrix'!$C$7:$C$205,0),MATCH(INDEX('Inputs (detail)'!$E$10:$E$16,MATCH(G$10,'Inputs (detail)'!$B$10:$B$16,0)),'Travel Matrix'!$D$6:$GT$6,0))*IF(INDEX('Travel Matrix'!$D$7:$GT$205,MATCH(INDEX('Inputs (detail)'!$E$10:$E$16,MATCH($B11,'Inputs (detail)'!$B$10:$B$16,0)),'Travel Matrix'!$C$7:$C$205,0),MATCH(INDEX('Inputs (detail)'!$E$10:$E$16,MATCH(G$10,'Inputs (detail)'!$B$10:$B$16,0)),'Travel Matrix'!$D$6:$GT$6,0))>Assumptions!$E$37,IF(G$9="Plane (Economy)",Assumptions!$E$35,Assumptions!$E$36),IF(G$9="Plane (Economy)",Assumptions!$E$33,Assumptions!$E$34))) -> 0 | H11: =IF($B11=H$10,0,INDEX('Travel Matrix'!$D$7:$GT$205,MATCH(INDEX('Inputs (detail)'!$E$10:$E$16,MATCH($B11,'Inputs (detail)'!$B$10:$B$16,0)),'Travel Matrix'!$C$7:$C$205,0),MATCH(INDEX('Inputs (detail)'!$E$10:$E$16,MATCH(H$10,'Inputs (detail)'!$B$10:$B$16,0)),'Travel Matrix'!$D$6:$GT$6,0))*IF(INDEX('Travel Matrix'!$D$7:$GT$205,MATCH(INDEX('Inputs (detail)'!$E$10:$E$16,MATCH($B11,'Inputs (detail)'!$B$10:$B$16,0)),'Travel Matrix'!$C$7:$C$205,0),MATCH(INDEX('Inputs (detail)'!$E$10:$E$16,MATCH(H$10,'Inputs (detail)'!$B$10:$B$16,0)),'Travel Matrix'!$D$6:$GT$6,0))>Assumptions!$E$37,IF(H$9="Plane (Economy)",Assumptions!$E$35,Assumptions!$E$36),IF(H$9="Plane (Economy)",Assumptions!$E$33,Assumptions!$E$34))) -> 406.1469 | I11: =IF($B11=I$10,0,INDEX('Travel Matrix'!$D$7:$GT$205,MATCH(INDEX('Inputs (detail)'!$E$10:$E$16,MATCH($B11,'Inputs (detail)'!$B$10:$B$16,0)),'Travel Matrix'!$C$7:$C$205,0),MATCH(INDEX('Inputs (detail)'!$E$10:$E$16,MATCH(I$10,'Inputs (detail)'!$B$10:$B$16,0)),'Travel Matrix'!$D$6:$GT$6,0))*IF(INDEX('Travel Matrix'!$D$7:$GT$205,MATCH(INDEX('Inputs (detail)'!$E$10:$E$16,MATCH($B11,'Inputs (detail)'!$B$10:$B$16,0)),'Travel Matrix'!$C$7:$C$205,0),MATCH(INDEX('Inputs (detail)'!$E$10:$E$16,MATCH(I$10,'Inputs (detail)'!$B$10:$B$16,0)),'Travel Matrix'!$D$6:$GT$6,0))>Assumptions!$E$37,IF(I$9="Plane (Economy)",Assumptions!$E$35,Assumptions!$E$36),IF(I$9="Plane (Economy)",Assumptions!$E$33,Assumptions!$E$34))) -> 249.1049 | J11: =IF($B11=J$10,0,INDEX('Travel Matrix'!$D$7:$GT$205,MATCH(INDEX('Inputs (detail)'!$E$10:$E$16,MATCH($B11,'Inputs (detail)'!$B$10:$B$16,0)),'Travel Matrix'!$C$7:$C$205,0),MATCH(INDEX('Inputs (detail)'!$E$10:$E$16,MATCH(J$10,'Inputs (detail)'!$B$10:$B$16,0)),'Travel Matrix'!$D$6:$GT$6,0))*IF(INDEX('Travel Matrix'!$D$7:$GT$205,MATCH(INDEX('Inputs (detail)'!$E$10:$E$16,MATCH($B11,'Inputs (detail)'!$B$10:$B$16,0)),'Travel Matrix'!$C$7:$C$205,0),MATCH(INDEX('Inputs (detail)'!$E$10:$E$16,MATCH(J$10,'Inputs (detail)'!$B$10:$B$16,0)),'Travel Matrix'!$D$6:$GT$6,0))>Assumptions!$E$37,IF(J$9="Plane (Economy)",Assumptions!$E$35,Assumptions!$E$36),IF(J$9="Plane (Economy)",Assumptions!$E$33,Assumptions!$E$34))) -> 190.50283 | K11: =IF($B11=K$10,0,INDEX('Travel Matrix'!$D$7:$GT$205,MATCH(INDEX('Inputs (detail)'!$E$10:$E$16,MATCH($B11,'Inputs (detail)'!$B$10:$B$16,0)),'Travel Matrix'!$C$7:$C$205,0),MATCH(INDEX('Inputs (detail)'!$E$10:$E$16,MATCH(K$10,'Inputs (detail)'!$B$10:$B$16,0)),'Travel Matrix'!$D$6:$GT$6,0)))*Assumptions!$E$38 -> 0 | L11: =IF($B11=L$10,0,INDEX('Travel Matrix'!$D$7:$GT$205,MATCH(INDEX('Inputs (detail)'!$E$10:$E$16,MATCH($B11,'Inputs (detail)'!$B$10:$B$16,0)),'Travel Matrix'!$C$7:$C$205,0),MATCH(INDEX('Inputs (detail)'!$E$10:$E$16,MATCH(L$10,'Inputs (detail)'!$B$10:$B$16,0)),'Travel Matrix'!$D$6:$GT$6,0)))*Assumptions!$E$38 -> 29.55531 | M11: =IF($B11=M$10,0,INDEX('Travel Matrix'!$D$7:$GT$205,MATCH(INDEX('Inputs (detail)'!$E$10:$E$16,MATCH($B11,'Inputs (detail)'!$B$10:$B$16,0)),'Travel Matrix'!$C$7:$C$205,0),MATCH(INDEX('Inputs (detail)'!$E$10:$E$16,MATCH(M$10,'Inputs (detail)'!$B$10:$B$16,0)),'Travel Matrix'!$D$6:$GT$6,0)))*Assumptions!$E$38 -> 18.127364 | N11: =IF($B11=N$10,0,INDEX('Travel Matrix'!$D$7:$GT$205,MATCH(INDEX('Inputs (detail)'!$E$10:$E$16,MATCH($B11,'Inputs (detail)'!$B$10:$B$16,0)),'Travel Matrix'!$C$7:$C$205,0),MATCH(INDEX('Inputs (detail)'!$E$10:$E$16,MATCH(N$10,'Inputs (detail)'!$B$10:$B$16,0)),'Travel Matrix'!$D$6:$GT$6,0)))*Assumptions!$E$38 -> 13.862891 | O11: =IF($B11=O$10,0,INDEX('Travel Matrix'!$D$7:$GT$205,MATCH(INDEX('Inputs (detail)'!$E$10:$E$16,MATCH($B11,'Inputs (detail)'!$B$10:$B$16,0)),'Travel Matrix'!$C$7:$C$205,0),MATCH(INDEX('Inputs (detail)'!$E$10:$E$16,MATCH(O$10,'Inputs (detail)'!$B$10:$B$16,0)),'Travel Matrix'!$D$6:$GT$6,0)))*Assumptions!$E$31 -> 0 | P11: =IF($B11=P$10,0,INDEX('Travel Matrix'!$D$7:$GT$205,MATCH(INDEX('Inputs (detail)'!$E$10:$E$16,MATCH($B11,'Inputs (detail)'!$B$10:$B$16,0)),'Travel Matrix'!$C$7:$C$205,0),MATCH(INDEX('Inputs (detail)'!$E$10:$E$16,MATCH(P$10,'Inputs (detail)'!$B$10:$B$16,0)),'Travel Matrix'!$D$6:$GT$6,0)))*Assumptions!$E$31 -> 223.43697 | Q11: =IF($B11=Q$10,0,INDEX('Travel Matrix'!$D$7:$GT$205,MATCH(INDEX('Inputs (detail)'!$E$10:$E$16,MATCH($B11,'Inputs (detail)'!$B$10:$B$16,0)),'Travel Matrix'!$C$7:$C$205,0),MATCH(INDEX('Inputs (detail)'!$E$10:$E$16,MATCH(Q$10,'Inputs (detail)'!$B$10:$B$16,0)),'Travel Matrix'!$D$6:$GT$6,0)))*Assumptions!$E$31 -> 137.04215 | R11: =IF($B11=R$10,0,INDEX('Travel Matrix'!$D$7:$GT$205,MATCH(INDEX('Inputs (detail)'!$E$10:$E$16,MATCH($B11,'Inputs (detail)'!$B$10:$B$16,0)),'Travel Matrix'!$C$7:$C$205,0),MATCH(INDEX('Inputs (detail)'!$E$10:$E$16,MATCH(R$10,'Inputs (detail)'!$B$10:$B$16,0)),'Travel Matrix'!$D$6:$GT$6,0)))*Assumptions!$E$31 -> 104.80291 | S11: =IF($B11=S$10,0,INDEX('Travel Matrix'!$D$7:$GT$205,MATCH(INDEX('Inputs (detail)'!$E$10:$E$16,MATCH($B11,'Inputs (detail)'!$B$10:$B$16,0)),'Travel Matrix'!$C$7:$C$205,0),MATCH(INDEX('Inputs (detail)'!$E$10:$E$16,MATCH(S$10,'Inputs (detail)'!$B$10:$B$16,0)),'Travel Matrix'!$D$6:$GT$6,0)))*Assumptions!$E$32 -> 0 | T11: =IF($B11=T$10,0,INDEX('Travel Matrix'!$D$7:$GT$205,MATCH(INDEX('Inputs (detail)'!$E$10:$E$16,MATCH($B11,'Inputs (detail)'!$B$10:$B$16,0)),'Travel Matrix'!$C$7:$C$205,0),MATCH(INDEX('Inputs (detail)'!$E$10:$E$16,MATCH(T$10,'Inputs (detail)'!$B$10:$B$16,0)),'Travel Matrix'!$D$6:$GT$6,0)))*Assumptions!$E$32 -> 81.134419 | U11: =IF($B11=U$10,0,INDEX('Travel Matrix'!$D$7:$GT$205,MATCH(INDEX('Inputs (detail)'!$E$10:$E$16,MATCH($B11,'Inputs (detail)'!$B$10:$B$16,0)),'Travel Matrix'!$C$7:$C$205,0),MATCH(INDEX('Inputs (detail)'!$E$10:$E$16,MATCH(U$10,'Inputs (detail)'!$B$10:$B$16,0)),'Travel Matrix'!$D$6:$GT$6,0)))*Assumptions!$E$32 -> 49.762738 | V11: =IF($B11=V$10,0,INDEX('Travel Matrix'!$D$7:$GT$205,MATCH(INDEX('Inputs (detail)'!$E$10:$E$16,MATCH($B11,'Inputs (detail)'!$B$10:$B$16,0)),'Travel Matrix'!$C$7:$C$205,0),MATCH(INDEX('Inputs (detail)'!$E$10:$E$16,MATCH(V$10,'Inputs (detail)'!$B$10:$B$16,0)),'Travel Matrix'!$D$6:$GT$6,0)))*Assumptions!$E$32 -> 38.056025
B12: Claimant Counsel | C12: =IF($B12=C$10,0,INDEX('Travel Matrix'!$D$7:$GT$205,MATCH(INDEX('Inputs (detail)'!$E$10:$E$16,MATCH($B12,'Inputs (detail)'!$B$10:$B$16,0)),'Travel Matrix'!$C$7:$C$205,0),MATCH(INDEX('Inputs (detail)'!$E$10:$E$16,MATCH(C$10,'Inputs (detail)'!$B$10:$B$16,0)),'Travel Matrix'!$D$6:$GT$6,0))*IF(INDEX('Travel Matrix'!$D$7:$GT$205,MATCH(INDEX('Inputs (detail)'!$E$10:$E$16,MATCH($B12,'Inputs (detail)'!$B$10:$B$16,0)),'Travel Matrix'!$C$7:$C$205,0),MATCH(INDEX('Inputs (detail)'!$E$10:$E$16,MATCH(C$10,'Inputs (detail)'!$B$10:$B$16,0)),'Travel Matrix'!$D$6:$GT$6,0))>Assumptions!$E$37,IF(C$9="Plane (Economy)",Assumptions!$E$35,Assumptions!$E$36),IF(C$9="Plane (Economy)",Assumptions!$E$33,Assumptions!$E$34))) -> 270.76574 | D12: =IF($B12=D$10,0,INDEX('Travel Matrix'!$D$7:$GT$205,MATCH(INDEX('Inputs (detail)'!$E$10:$E$16,MATCH($B12,'Inputs (detail)'!$B$10:$B$16,0)),'Travel Matrix'!$C$7:$C$205,0),MATCH(INDEX('Inputs (detail)'!$E$10:$E$16,MATCH(D$10,'Inputs (detail)'!$B$10:$B$16,0)),'Travel Matrix'!$D$6:$GT$6,0))*IF(INDEX('Travel Matrix'!$D$7:$GT$205,MATCH(INDEX('Inputs (detail)'!$E$10:$E$16,MATCH($B12,'Inputs (detail)'!$B$10:$B$16,0)),'Travel Matrix'!$C$7:$C$205,0),MATCH(INDEX('Inputs (detail)'!$E$10:$E$16,MATCH(D$10,'Inputs (detail)'!$B$10:$B$16,0)),'Travel Matrix'!$D$6:$GT$6,0))>Assumptions!$E$37,IF(D$9="Plane (Economy)",Assumptions!$E$35,Assumptions!$E$36),IF(D$9="Plane (Economy)",Assumptions!$E$33,Assumptions!$E$34))) -> 0 | E12: =IF($B12=E$10,0,INDEX('Travel Matrix'!$D$7:$GT$205,MATCH(INDEX('Inputs (detail)'!$E$10:$E$16,MATCH($B12,'Inputs (detail)'!$B$10:$B$16,0)),'Travel Matrix'!$C$7:$C$205,0),MATCH(INDEX('Inputs (detail)'!$E$10:$E$16,MATCH(E$10,'Inputs (detail)'!$B$10:$B$16,0)),'Travel Matrix'!$D$6:$GT$6,0))*IF(INDEX('Travel Matrix'!$D$7:$GT$205,MATCH(INDEX('Inputs (detail)'!$E$10:$E$16,MATCH($B12,'Inputs (detail)'!$B$10:$B$16,0)),'Travel Matrix'!$C$7:$C$205,0),MATCH(INDEX('Inputs (detail)'!$E$10:$E$16,MATCH(E$10,'Inputs (detail)'!$B$10:$B$16,0)),'Travel Matrix'!$D$6:$GT$6,0))>Assumptions!$E$37,IF(E$9="Plane (Economy)",Assumptions!$E$35,Assumptions!$E$36),IF(E$9="Plane (Economy)",Assumptions!$E$33,Assumptions!$E$34))) -> 230.9293 | F12: =IF($B12=F$10,0,INDEX('Travel Matrix'!$D$7:$GT$205,MATCH(INDEX('Inputs (detail)'!$E$10:$E$16,MATCH($B12,'Inputs (detail)'!$B$10:$B$16,0)),'Travel Matrix'!$C$7:$C$205,0),MATCH(INDEX('Inputs (detail)'!$E$10:$E$16,MATCH(F$10,'Inputs (detail)'!$B$10:$B$16,0)),'Travel Matrix'!$D$6:$GT$6,0))*IF(INDEX('Travel Matrix'!$D$7:$GT$205,MATCH(INDEX('Inputs (detail)'!$E$10:$E$16,MATCH($B12,'Inputs (detail)'!$B$10:$B$16,0)),'Travel Matrix'!$C$7:$C$205,0),MATCH(INDEX('Inputs (detail)'!$E$10:$E$16,MATCH(F$10,'Inputs (detail)'!$B$10:$B$16,0)),'Travel Matrix'!$D$6:$GT$6,0))>Assumptions!$E$37,IF(F$9="Plane (Economy)",Assumptions!$E$35,Assumptions!$E$36),IF(F$9="Plane (Economy)",Assumptions!$E$33,Assumptions!$E$34))) -> 186.64954 | G12: =IF($B12=G$10,0,INDEX('Travel Matrix'!$D$7:$GT$205,MATCH(INDEX('Inputs (detail)'!$E$10:$E$16,MATCH($B12,'Inputs (detail)'!$B$10:$B$16,0)),'Travel Matrix'!$C$7:$C$205,0),MATCH(INDEX('Inputs (detail)'!$E$10:$E$16,MATCH(G$10,'Inputs (detail)'!$B$10:$B$16,0)),'Travel Matrix'!$D$6:$GT$6,0))*IF(INDEX('Travel Matrix'!$D$7:$GT$205,MATCH(INDEX('Inputs (detail)'!$E$10:$E$16,MATCH($B12,'Inputs (detail)'!$B$10:$B$16,0)),'Travel Matrix'!$C$7:$C$205,0),MATCH(INDEX('Inputs (detail)'!$E$10:$E$16,MATCH(G$10,'Inputs (detail)'!$B$10:$B$16,0)),'Travel Matrix'!$D$6:$GT$6,0))>Assumptions!$E$37,IF(G$9="Plane (Economy)",Assumptions!$E$35,Assumptions!$E$36),IF(G$9="Plane (Economy)",Assumptions!$E$33,Assumptions!$E$34))) -> 406.1469 | H12: =IF($B12=H$10,0,INDEX('Travel Matrix'!$D$7:$GT$205,MATCH(INDEX('Inputs (detail)'!$E$10:$E$16,MATCH($B12,'Inputs (detail)'!$B$10:$B$16,0)),'Travel Matrix'!$C$7:$C$205,0),MATCH(INDEX('Inputs (detail)'!$E$10:$E$16,MATCH(H$10,'Inputs (detail)'!$B$10:$B$16,0)),'Travel Matrix'!$D$6:$GT$6,0))*IF(INDEX('Travel Matrix'!$D$7:$GT$205,MATCH(INDEX('Inputs (detail)'!$E$10:$E$16,MATCH($B12,'Inputs (detail)'!$B$10:$B$16,0)),'Travel Matrix'!$C$7:$C$205,0),MATCH(INDEX('Inputs (detail)'!$E$10:$E$16,MATCH(H$10,'Inputs (detail)'!$B$10:$B$16,0)),'Travel Matrix'!$D$6:$GT$6,0))>Assumptions!$E$37,IF(H$9="Plane (Economy)",Assumptions!$E$35,Assumptions!$E$36),IF(H$9="Plane (Economy)",Assumptions!$E$33,Assumptions!$E$34))) -> 0 | I12: =IF($B12=I$10,0,INDEX('Travel Matrix'!$D$7:$GT$205,MATCH(INDEX('Inputs (detail)'!$E$10:$E$16,MATCH($B12,'Inputs (detail)'!$B$10:$B$16,0)),'Travel Matrix'!$C$7:$C$205,0),MATCH(INDEX('Inputs (detail)'!$E$10:$E$16,MATCH(I$10,'Inputs (detail)'!$B$10:$B$16,0)),'Travel Matrix'!$D$6:$GT$6,0))*IF(INDEX('Travel Matrix'!$D$7:$GT$205,MATCH(INDEX('Inputs (detail)'!$E$10:$E$16,MATCH($B12,'Inputs (detail)'!$B$10:$B$16,0)),'Travel Matrix'!$C$7:$C$205,0),MATCH(INDEX('Inputs (detail)'!$E$10:$E$16,MATCH(I$10,'Inputs (detail)'!$B$10:$B$16,0)),'Travel Matrix'!$D$6:$GT$6,0))>Assumptions!$E$37,IF(I$9="Plane (Economy)",Assumptions!$E$35,Assumptions!$E$36),IF(I$9="Plane (Economy)",Assumptions!$E$33,Assumptions!$E$34))) -> 346.39249 | J12: =IF($B12=J$10,0,INDEX('Travel Matrix'!$D$7:$GT$205,MATCH(INDEX('Inputs (detail)'!$E$10:$E$16,MATCH($B12,'Inputs (detail)'!$B$10:$B$16,0)),'Travel Matrix'!$C$7:$C$205,0),MATCH(INDEX('Inputs (detail)'!$E$10:$E$16,MATCH(J$10,'Inputs (detail)'!$B$10:$B$16,0)),'Travel Matrix'!$D$6:$GT$6,0))*IF(INDEX('Travel Matrix'!$D$7:$GT$205,MATCH(INDEX('Inputs (detail)'!$E$10:$E$16,MATCH($B12,'Inputs (detail)'!$B$10:$B$16,0)),'Travel Matrix'!$C$7:$C$205,0),MATCH(INDEX('Inputs (detail)'!$E$10:$E$16,MATCH(J$10,'Inputs (detail)'!$B$10:$B$16,0)),'Travel Matrix'!$D$6:$GT$6,0))>Assumptions!$E$37,IF(J$9="Plane (Economy)",Assumptions!$E$35,Assumptions!$E$36),IF(J$9="Plane (Economy)",Assumptions!$E$33,Assumptions!$E$34))) -> 279.97313 | K12: =IF($B12=K$10,0,INDEX('Travel Matrix'!$D$7:$GT$205,MATCH(INDEX('Inputs (detail)'!$E$10:$E$16,MATCH($B12,'Inputs (detail)'!$B$10:$B$16,0)),'Travel Matrix'!$C$7:$C$205,0),MATCH(INDEX('Inputs (detail)'!$E$10:$E$16,MATCH(K$10,'Inputs (detail)'!$B$10:$B$16,0)),'Travel Matrix'!$D$6:$GT$6,0)))*Assumptions!$E$38 -> 29.55531 | L12: =IF($B12=L$10,0,INDEX('Travel Matrix'!$D$7:$GT$205,MATCH(INDEX('Inputs (detail)'!$E$10:$E$16,MATCH($B12,'Inputs (detail)'!$B$10:$B$16,0)),'Travel Matrix'!$C$7:$C$205,0),MATCH(INDEX('Inputs (detail)'!$E$10:$E$16,MATCH(L$10,'Inputs (detail)'!$B$10:$B$16,0)),'Travel Matrix'!$D$6:$GT$6,0)))*Assumptions!$E$38 -> 0 | M12: =IF($B12=M$10,0,INDEX('Travel Matrix'!$D$7:$GT$205,MATCH(INDEX('Inputs (detail)'!$E$10:$E$16,MATCH($B12,'Inputs (detail)'!$B$10:$B$16,0)),'Travel Matrix'!$C$7:$C$205,0),MATCH(INDEX('Inputs (detail)'!$E$10:$E$16,MATCH(M$10,'Inputs (detail)'!$B$10:$B$16,0)),'Travel Matrix'!$D$6:$GT$6,0)))*Assumptions!$E$38 -> 25.206982 | N12: =IF($B12=N$10,0,INDEX('Travel Matrix'!$D$7:$GT$205,MATCH(INDEX('Inputs (detail)'!$E$10:$E$16,MATCH($B12,'Inputs (detail)'!$B$10:$B$16,0)),'Travel Matrix'!$C$7:$C$205,0),MATCH(INDEX('Inputs (detail)'!$E$10:$E$16,MATCH(N$10,'Inputs (detail)'!$B$10:$B$16,0)),'Travel Matrix'!$D$6:$GT$6,0)))*Assumptions!$E$38 -> 20.373645 | O12: =IF($B12=O$10,0,INDEX('Travel Matrix'!$D$7:$GT$205,MATCH(INDEX('Inputs (detail)'!$E$10:$E$16,MATCH($B12,'Inputs (detail)'!$B$10:$B$16,0)),'Travel Matrix'!$C$7:$C$205,0),MATCH(INDEX('Inputs (detail)'!$E$10:$E$16,MATCH(O$10,'Inputs (detail)'!$B$10:$B$16,0)),'Travel Matrix'!$D$6:$GT$6,0)))*Assumptions!$E$31 -> 223.43697 | P12: =IF($B12=P$10,0,INDEX('Travel Matrix'!$D$7:$GT$205,MATCH(INDEX('Inputs (detail)'!$E$10:$E$16,MATCH($B12,'Inputs (detail)'!$B$10:$B$16,0)),'Travel Matrix'!$C$7:$C$205,0),MATCH(INDEX('Inputs (detail)'!$E$10:$E$16,MATCH(P$10,'Inputs (detail)'!$B$10:$B$16,0)),'Travel Matrix'!$D$6:$GT$6,0)))*Assumptions!$E$31 -> 0 | Q12: =IF($B12=Q$10,0,INDEX('Travel Matrix'!$D$7:$GT$205,MATCH(INDEX('Inputs (detail)'!$E$10:$E$16,MATCH($B12,'Inputs (detail)'!$B$10:$B$16,0)),'Travel Matrix'!$C$7:$C$205,0),MATCH(INDEX('Inputs (detail)'!$E$10:$E$16,MATCH(Q$10,'Inputs (detail)'!$B$10:$B$16,0)),'Travel Matrix'!$D$6:$GT$6,0)))*Assumptions!$E$31 -> 190.56378 | R12: =IF($B12=R$10,0,INDEX('Travel Matrix'!$D$7:$GT$205,MATCH(INDEX('Inputs (detail)'!$E$10:$E$16,MATCH($B12,'Inputs (detail)'!$B$10:$B$16,0)),'Travel Matrix'!$C$7:$C$205,0),MATCH(INDEX('Inputs (detail)'!$E$10:$E$16,MATCH(R$10,'Inputs (detail)'!$B$10:$B$16,0)),'Travel Matrix'!$D$6:$GT$6,0)))*Assumptions!$E$31 -> 154.02394 | S12: =IF($B12=S$10,0,INDEX('Travel Matrix'!$D$7:$GT$205,MATCH(INDEX('Inputs (detail)'!$E$10:$E$16,MATCH($B12,'Inputs (detail)'!$B$10:$B$16,0)),'Travel Matrix'!$C$7:$C$205,0),MATCH(INDEX('Inputs (detail)'!$E$10:$E$16,MATCH(S$10,'Inputs (detail)'!$B$10:$B$16,0)),'Travel Matrix'!$D$6:$GT$6,0)))*Assumptions!$E$32 -> 81.134419 | T12: =IF($B12=T$10,0,INDEX('Travel Matrix'!$D$7:$GT$205,MATCH(INDEX('Inputs (detail)'!$E$10:$E$16,MATCH($B12,'Inputs (detail)'!$B$10:$B$16,0)),'Travel Matrix'!$C$7:$C$205,0),MATCH(INDEX('Inputs (detail)'!$E$10:$E$16,MATCH(T$10,'Inputs (detail)'!$B$10:$B$16,0)),'Travel Matrix'!$D$6:$GT$6,0)))*Assumptions!$E$32 -> 0 | U12: =IF($B12=U$10,0,INDEX('Travel Matrix'!$D$7:$GT$205,MATCH(INDEX('Inputs (detail)'!$E$10:$E$16,MATCH($B12,'Inputs (detail)'!$B$10:$B$16,0)),'Travel Matrix'!$C$7:$C$205,0),MATCH(INDEX('Inputs (detail)'!$E$10:$E$16,MATCH(U$10,'Inputs (detail)'!$B$10:$B$16,0)),'Travel Matrix'!$D$6:$GT$6,0)))*Assumptions!$E$32 -> 69.197508 | V12: =IF($B12=V$10,0,INDEX('Travel Matrix'!$D$7:$GT$205,MATCH(INDEX('Inputs (detail)'!$E$10:$E$16,MATCH($B12,'Inputs (detail)'!$B$10:$B$16,0)),'Travel Matrix'!$C$7:$C$205,0),MATCH(INDEX('Inputs (detail)'!$E$10:$E$16,MATCH(V$10,'Inputs (detail)'!$B$10:$B$16,0)),'Travel Matrix'!$D$6:$GT$6,0)))*Assumptions!$E$32 -> 55.929165
B13: Claimant Expert | C13: =IF($B13=C$10,0,INDEX('Travel Matrix'!$D$7:$GT$205,MATCH(INDEX('Inputs (detail)'!$E$10:$E$16,MATCH($B13,'Inputs (detail)'!$B$10:$B$16,0)),'Travel Matrix'!$C$7:$C$205,0),MATCH(INDEX('Inputs (detail)'!$E$10:$E$16,MATCH(C$10,'Inputs (detail)'!$B$10:$B$16,0)),'Travel Matrix'!$D$6:$GT$6,0))*IF(INDEX('Travel Matrix'!$D$7:$GT$205,MATCH(INDEX('Inputs (detail)'!$E$10:$E$16,MATCH($B13,'Inputs (detail)'!$B$10:$B$16,0)),'Travel Matrix'!$C$7:$C$205,0),MATCH(INDEX('Inputs (detail)'!$E$10:$E$16,MATCH(C$10,'Inputs (detail)'!$B$10:$B$16,0)),'Travel Matrix'!$D$6:$GT$6,0))>Assumptions!$E$37,IF(C$9="Plane (Economy)",Assumptions!$E$35,Assumptions!$E$36),IF(C$9="Plane (Economy)",Assumptions!$E$33,Assumptions!$E$34))) -> 166.07063 | D13: =IF($B13=D$10,0,INDEX('Travel Matrix'!$D$7:$GT$205,MATCH(INDEX('Inputs (detail)'!$E$10:$E$16,MATCH($B13,'Inputs (detail)'!$B$10:$B$16,0)),'Travel Matrix'!$C$7:$C$205,0),MATCH(INDEX('Inputs (detail)'!$E$10:$E$16,MATCH(D$10,'Inputs (detail)'!$B$10:$B$16,0)),'Travel Matrix'!$D$6:$GT$6,0))*IF(INDEX('Travel Matrix'!$D$7:$GT$205,MATCH(INDEX('Inputs (detail)'!$E$10:$E$16,MATCH($B13,'Inputs (detail)'!$B$10:$B$16,0)),'Travel Matrix'!$C$7:$C$205,0),MATCH(INDEX('Inputs (detail)'!$E$10:$E$16,MATCH(D$10,'Inputs (detail)'!$B$10:$B$16,0)),'Travel Matrix'!$D$6:$GT$6,0))>Assumptions!$E$37,IF(D$9="Plane (Economy)",Assumptions!$E$35,Assumptions!$E$36),IF(D$9="Plane (Economy)",Assumptions!$E$33,Assumptions!$E$34))) -> 230.9293 | E13: =IF($B13=E$10,0,INDEX('Travel Matrix'!$D$7:$GT$205,MATCH(INDEX('Inputs (detail)'!$E$10:$E$16,MATCH($B13,'Inputs (detail)'!$B$10:$B$16,0)),'Travel Matrix'!$C$7:$C$205,0),MATCH(INDEX('Inputs (detail)'!$E$10:$E$16,MATCH(E$10,'Inputs (detail)'!$B$10:$B$16,0)),'Travel Matrix'!$D$6:$GT$6,0))*IF(INDEX('Travel Matrix'!$D$7:$GT$205,MATCH(INDEX('Inputs (detail)'!$E$10:$E$16,MATCH($B13,'Inputs (detail)'!$B$10:$B$16,0)),'Travel Matrix'!$C$7:$C$205,0),MATCH(INDEX('Inputs (detail)'!$E$10:$E$16,MATCH(E$10,'Inputs (detail)'!$B$10:$B$16,0)),'Travel Matrix'!$D$6:$GT$6,0))>Assumptions!$E$37,IF(E$9="Plane (Economy)",Assumptions!$E$35,Assumptions!$E$36),IF(E$9="Plane (Economy)",Assumptions!$E$33,Assumptions!$E$34))) -> 0 | F13: =IF($B13=F$10,0,INDEX('Travel Matrix'!$D$7:$GT$205,MATCH(INDEX('Inputs (detail)'!$E$10:$E$16,MATCH($B13,'Inputs (detail)'!$B$10:$B$16,0)),'Travel Matrix'!$C$7:$C$205,0),MATCH(INDEX('Inputs (detail)'!$E$10:$E$16,MATCH(F$10,'Inputs (detail)'!$B$10:$B$16,0)),'Travel Matrix'!$D$6:$GT$6,0))*IF(INDEX('Travel Matrix'!$D$7:$GT$205,MATCH(INDEX('Inputs (detail)'!$E$10:$E$16,MATCH($B13,'Inputs (detail)'!$B$10:$B$16,0)),'Travel Matrix'!$C$7:$C$205,0),MATCH(INDEX('Inputs (detail)'!$E$10:$E$16,MATCH(F$10,'Inputs (detail)'!$B$10:$B$16,0)),'Travel Matrix'!$D$6:$GT$6,0))>Assumptions!$E$37,IF(F$9="Plane (Economy)",Assumptions!$E$35,Assumptions!$E$36),IF(F$9="Plane (Economy)",Assumptions!$E$33,Assumptions!$E$34))) -> 65.180227 | G13: =IF($B13=G$10,0,INDEX('Travel Matrix'!$D$7:$GT$205,MATCH(INDEX('Inputs (detail)'!$E$10:$E$16,MATCH($B13,'Inputs (detail)'!$B$10:$B$16,0)),'Travel Matrix'!$C$7:$C$205,0),MATCH(INDEX('Inputs (detail)'!$E$10:$E$16,MATCH(G$10,'Inputs (detail)'!$B$10:$B$16,0)),'Travel Matrix'!$D$6:$GT$6,0))*IF(INDEX('Travel Matrix'!$D$7:$GT$205,MATCH(INDEX('Inputs (detail)'!$E$10:$E$16,MATCH($B13,'Inputs (detail)'!$B$10:$B$16,0)),'Travel Matrix'!$C$7:$C$205,0),MATCH(INDEX('Inputs (detail)'!$E$10:$E$16,MATCH(G$10,'Inputs (detail)'!$B$10:$B$16,0)),'Travel Matrix'!$D$6:$GT$6,0))>Assumptions!$E$37,IF(G$9="Plane (Economy)",Assumptions!$E$35,Assumptions!$E$36),IF(G$9="Plane (Economy)",Assumptions!$E$33,Assumptions!$E$34))) -> 249.1049 | H13: =IF($B13=H$10,0,INDEX('Travel Matrix'!$D$7:$GT$205,MATCH(INDEX('Inputs (detail)'!$E$10:$E$16,MATCH($B13,'Inputs (detail)'!$B$10:$B$16,0)),'Travel Matrix'!$C$7:$C$205,0),MATCH(INDEX('Inputs (detail)'!$E$10:$E$16,MATCH(H$10,'Inputs (detail)'!$B$10:$B$16,0)),'Travel Matrix'!$D$6:$GT$6,0))*IF(INDEX('Travel Matrix'!$D$7:$GT$205,MATCH(INDEX('Inputs (detail)'!$E$10:$E$16,MATCH($B13,'Inputs (detail)'!$B$10:$B$16,0)),'Travel Matrix'!$C$7:$C$205,0),MATCH(INDEX('Inputs (detail)'!$E$10:$E$16,MATCH(H$10,'Inputs (detail)'!$B$10:$B$16,0)),'Travel Matrix'!$D$6:$GT$6,0))>Assumptions!$E$37,IF(H$9="Plane (Economy)",Assumptions!$E$35,Assumptions!$E$36),IF(H$9="Plane (Economy)",Assumptions!$E$33,Assumptions!$E$34))) -> 346.39249 | I13: =IF($B13=I$10,0,INDEX('Travel Matrix'!$D$7:$GT$205,MATCH(INDEX('Inputs (detail)'!$E$10:$E$16,MATCH($B13,'Inputs (detail)'!$B$10:$B$16,0)),'Travel Matrix'!$C$7:$C$205,0),MATCH(INDEX('Inputs (detail)'!$E$10:$E$16,MATCH(I$10,'Inputs (detail)'!$B$10:$B$16,0)),'Travel Matrix'!$D$6:$GT$6,0))*IF(INDEX('Travel Matrix'!$D$7:$GT$205,MATCH(INDEX('Inputs (detail)'!$E$10:$E$16,MATCH($B13,'Inputs (detail)'!$B$10:$B$16,0)),'Travel Matrix'!$C$7:$C$205,0),MATCH(INDEX('Inputs (detail)'!$E$10:$E$16,MATCH(I$10,'Inputs (detail)'!$B$10:$B$16,0)),'Travel Matrix'!$D$6:$GT$6,0))>Assumptions!$E$37,IF(I$9="Plane (Economy)",Assumptions!$E$35,Assumptions!$E$36),IF(I$9="Plane (Economy)",Assumptions!$E$33,Assumptions!$E$34))) -> 0 | J13: =IF($B13=J$10,0,INDEX('Travel Matrix'!$D$7:$GT$205,MATCH(INDEX('Inputs (detail)'!$E$10:$E$16,MATCH($B13,'Inputs (detail)'!$B$10:$B$16,0)),'Travel Matrix'!$C$7:$C$205,0),MATCH(INDEX('Inputs (detail)'!$E$10:$E$16,MATCH(J$10,'Inputs (detail)'!$B$10:$B$16,0)),'Travel Matrix'!$D$6:$GT$6,0))*IF(INDEX('Travel Matrix'!$D$7:$GT$205,MATCH(INDEX('Inputs (detail)'!$E$10:$E$16,MATCH($B13,'Inputs (detail)'!$B$10:$B$16,0)),'Travel Matrix'!$C$7:$C$205,0),MATCH(INDEX('Inputs (detail)'!$E$10:$E$16,MATCH(J$10,'Inputs (detail)'!$B$10:$B$16,0)),'Travel Matrix'!$D$6:$GT$6,0))>Assumptions!$E$37,IF(J$9="Plane (Economy)",Assumptions!$E$35,Assumptions!$E$36),IF(J$9="Plane (Economy)",Assumptions!$E$33,Assumptions!$E$34))) -> 97.769929 | K13: =IF($B13=K$10,0,INDEX('Travel Matrix'!$D$7:$GT$205,MATCH(INDEX('Inputs (detail)'!$E$10:$E$16,MATCH($B13,'Inputs (detail)'!$B$10:$B$16,0)),'Travel Matrix'!$C$7:$C$205,0),MATCH(INDEX('Inputs (detail)'!$E$10:$E$16,MATCH(K$10,'Inputs (detail)'!$B$10:$B$16,0)),'Travel Matrix'!$D$6:$GT$6,0)))*Assumptions!$E$38 -> 18.127364 | L13: =IF($B13=L$10,0,INDEX('Travel Matrix'!$D$7:$GT$205,MATCH(INDEX('Inputs (detail)'!$E$10:$E$16,MATCH($B13,'Inputs (detail)'!$B$10:$B$16,0)),'Travel Matrix'!$C$7:$C$205,0),MATCH(INDEX('Inputs (detail)'!$E$10:$E$16,MATCH(L$10,'Inputs (detail)'!$B$10:$B$16,0)),'Travel Matrix'!$D$6:$GT$6,0)))*Assumptions!$E$38 -> 25.206982 | M13: =IF($B13=M$10,0,INDEX('Travel Matrix'!$D$7:$GT$205,MATCH(INDEX('Inputs (detail)'!$E$10:$E$16,MATCH($B13,'Inputs (detail)'!$B$10:$B$16,0)),'Travel Matrix'!$C$7:$C$205,0),MATCH(INDEX('Inputs (detail)'!$E$10:$E$16,MATCH(M$10,'Inputs (detail)'!$B$10:$B$16,0)),'Travel Matrix'!$D$6:$GT$6,0)))*Assumptions!$E$38 -> 0 | N13: =IF($B13=N$10,0,INDEX('Travel Matrix'!$D$7:$GT$205,MATCH(INDEX('Inputs (detail)'!$E$10:$E$16,MATCH($B13,'Inputs (detail)'!$B$10:$B$16,0)),'Travel Matrix'!$C$7:$C$205,0),MATCH(INDEX('Inputs (detail)'!$E$10:$E$16,MATCH(N$10,'Inputs (detail)'!$B$10:$B$16,0)),'Travel Matrix'!$D$6:$GT$6,0)))*Assumptions!$E$38 -> 7.1147178 | O13: =IF($B13=O$10,0,INDEX('Travel Matrix'!$D$7:$GT$205,MATCH(INDEX('Inputs (detail)'!$E$10:$E$16,MATCH($B13,'Inputs (detail)'!$B$10:$B$16,0)),'Travel Matrix'!$C$7:$C$205,0),MATCH(INDEX('Inputs (detail)'!$E$10:$E$16,MATCH(O$10,'Inputs (detail)'!$B$10:$B$16,0)),'Travel Matrix'!$D$6:$GT$6,0)))*Assumptions!$E$31 -> 137.04215 | P13: =IF($B13=P$10,0,INDEX('Travel Matrix'!$D$7:$GT$205,MATCH(INDEX('Inputs (detail)'!$E$10:$E$16,MATCH($B13,'Inputs (detail)'!$B$10:$B$16,0)),'Travel Matrix'!$C$7:$C$205,0),MATCH(INDEX('Inputs (detail)'!$E$10:$E$16,MATCH(P$10,'Inputs (detail)'!$B$10:$B$16,0)),'Travel Matrix'!$D$6:$GT$6,0)))*Assumptions!$E$31 -> 190.56378 | Q13: =IF($B13=Q$10,0,INDEX('Travel Matrix'!$D$7:$GT$205,MATCH(INDEX('Inputs (detail)'!$E$10:$E$16,MATCH($B13,'Inputs (detail)'!$B$10:$B$16,0)),'Travel Matrix'!$C$7:$C$205,0),MATCH(INDEX('Inputs (detail)'!$E$10:$E$16,MATCH(Q$10,'Inputs (detail)'!$B$10:$B$16,0)),'Travel Matrix'!$D$6:$GT$6,0)))*Assumptions!$E$31 -> 0 | R13: =IF($B13=R$10,0,INDEX('Travel Matrix'!$D$7:$GT$205,MATCH(INDEX('Inputs (detail)'!$E$10:$E$16,MATCH($B13,'Inputs (detail)'!$B$10:$B$16,0)),'Travel Matrix'!$C$7:$C$205,0),MATCH(INDEX('Inputs (detail)'!$E$10:$E$16,MATCH(R$10,'Inputs (detail)'!$B$10:$B$16,0)),'Travel Matrix'!$D$6:$GT$6,0)))*Assumptions!$E$31 -> 53.786984 | S13: =IF($B13=S$10,0,INDEX('Travel Matrix'!$D$7:$GT$205,MATCH(INDEX('Inputs (detail)'!$E$10:$E$16,MATCH($B13,'Inputs (detail)'!$B$10:$B$16,0)),'Travel Matrix'!$C$7:$C$205,0),MATCH(INDEX('Inputs (detail)'!$E$10:$E$16,MATCH(S$10,'Inputs (detail)'!$B$10:$B$16,0)),'Travel Matrix'!$D$6:$GT$6,0)))*Assumptions!$E$32 -> 49.762738 | T13: =IF($B13=T$10,0,INDEX('Travel Matrix'!$D$7:$GT$205,MATCH(INDEX('Inputs (detail)'!$E$10:$E$16,MATCH($B13,'Inputs (detail)'!$B$10:$B$16,0)),'Travel Matrix'!$C$7:$C$205,0),MATCH(INDEX('Inputs (detail)'!$E$10:$E$16,MATCH(T$10,'Inputs (detail)'!$B$10:$B$16,0)),'Travel Matrix'!$D$6:$GT$6,0)))*Assumptions!$E$32 -> 69.197508 | U13: =IF($B13=U$10,0,INDEX('Travel Matrix'!$D$7:$GT$205,MATCH(INDEX('Inputs (detail)'!$E$10:$E$16,MATCH($B13,'Inputs (detail)'!$B$10:$B$16,0)),'Travel Matrix'!$C$7:$C$205,0),MATCH(INDEX('Inputs (detail)'!$E$10:$E$16,MATCH(U$10,'Inputs (detail)'!$B$10:$B$16,0)),'Travel Matrix'!$D$6:$GT$6,0)))*Assumptions!$E$32 -> 0 | V13: =IF($B13=V$10,0,INDEX('Travel Matrix'!$D$7:$GT$205,MATCH(INDEX('Inputs (detail)'!$E$10:$E$16,MATCH($B13,'Inputs (detail)'!$B$10:$B$16,0)),'Travel Matrix'!$C$7:$C$205,0),MATCH(INDEX('Inputs (detail)'!$E$10:$E$16,MATCH(V$10,'Inputs (detail)'!$B$10:$B$16,0)),'Travel Matrix'!$D$6:$GT$6,0)))*Assumptions!$E$32 -> 19.531126
C15: Plane (Economy) | D15: Plane (Business) | E15: Rail | F15: Car (non-electric) | G15: Car (electric)
B16: Counsel transport to Claimant | C16: =D11 -> 270.76574 | D16: =H11 -> 406.1469 | E16: =L11 -> 29.55531 | F16: =P11 -> 223.43697 | G16: =T11 -> 81.134419
B17: Expert transport to Claimant | C17: =E11 -> 166.07063 | D17: =I11 -> 249.1049 | E17: =M11 -> 18.127364 | F17: =Q11 -> 137.04215 | G17: =U11 -> 49.762738
B18: Claimant transport to Counsel | C18: =C12 -> 270.76574 | D18: =G12 -> 406.1469 | E18: =K12 -> 29.55531 | F18: =O12 -> 223.43697 | G18: =S12 -> 81.134419
B19: Expert transport to Counsel | C19: =E12 -> 230.9293 | D19: =I12 -> 346.39249 | E19: =M12 -> 25.206982 | F19: =Q12 -> 190.56378 | G19: =U12 -> 69.197508
B20: Claimant transport to Expert | C20: =C13 -> 166.07063 | D20: =G13 -> 249.1049 | E20: =K13 -> 18.127364 | F20: =O13 -> 137.04215 | G20: =S13 -> 49.762738
B21: Counsel transport to Expert | C21: =D13 -> 230.9293 | D21: =H13 -> 346.39249 | E21: =L13 -> 25.206982 | F21: =P13 -> 190.56378 | G21: =T13 -> 69.197508
B22: Claimant transport to Hearing | C22: =F11 -> 127.00242 | D22: =J11 -> 190.50283 | E22: =N11 -> 13.862891 | F22: =R11 -> 104.80291 | G22: =V11 -> 38.056025
B23: Counsel transport to Hearing | C23: =F12 -> 186.64954 | D23: =J12 -> 279.97313 | E23: =N12 -> 20.373645 | F23: =R12 -> 154.02394 | G23: =V12 -> 55.929165
B24: Expert transport to Hearing | C24: =F13 -> 65.180227 | D24: =J13 -> 97.769929 | E24: =N13 -> 7.1147178 | F24: =R13 -> 53.786984 | G24: =V13 -> 19.531126
C27: Plane (Economy) | D27: Plane (Economy) | E27: Plane (Economy) | F27: Plane (Economy) | G27: Plane (Business) | H27: Plane (Business) | I27: Plane (Business) | J27: Plane (Business) | K27: Rail | L27: Rail | M27: Rail | N27: Rail | O27: Car (non-electric) | P27: Car (non-electric) | Q27: Car (non-electric) | R27: Car (non-electric) | S27: Car (electric) | T27: Car (electric) | U27: Car (electric) | V27: Car (electric)
C28: Respondent | D28: Respondent Counsel | E28: Respondent Expert | F28: Hearing | G28: Respondent | H28: Respondent Counsel | I28: Respondent Expert | J28: Hearing | K28: Respondent | L28: Respondent Counsel | M28: Respondent Expert | N28: Hearing | O28: Respondent | P28: Respondent Counsel | Q28: Respondent Expert | R28: Hearing | S28: Respondent | T28: Respondent Counsel | U28: Respondent Expert | V28: Hearing
B29: Respondent | C29: =IF($B29=C$28,0,INDEX('Travel Matrix'!$D$7:$GT$205,MATCH(INDEX('Inputs (detail)'!$E$10:$E$16,MATCH($B29,'Inputs (detail)'!$B$10:$B$16,0)),'Travel Matrix'!$C$7:$C$205,0),MATCH(INDEX('Inputs (detail)'!$E$10:$E$16,MATCH(C$28,'Inputs (detail)'!$B$10:$B$16,0)),'Travel Matrix'!$D$6:$GT$6,0))*IF(INDEX('Travel Matrix'!$D$7:$GT$205,MATCH(INDEX('Inputs (detail)'!$E$10:$E$16,MATCH($B29,'Inputs (detail)'!$B$10:$B$16,0)),'Travel Matrix'!$C$7:$C$205,0),MATCH(INDEX('Inputs (detail)'!$E$10:$E$16,MATCH(C$28,'Inputs (detail)'!$B$10:$B$16,0)),'Travel Matrix'!$D$6:$GT$6,0))>Assumptions!$E$37,IF(C$27="Plane (Economy)",Assumptions!$E$35,Assumptions!$E$36),IF(C$9="Plane (Economy)",Assumptions!$E$33,Assumptions!$E$34))) -> 0 | D29: =IF($B29=D$28,0,INDEX('Travel Matrix'!$D$7:$GT$205,MATCH(INDEX('Inputs (detail)'!$E$10:$E$16,MATCH($B29,'Inputs (detail)'!$B$10:$B$16,0)),'Travel Matrix'!$C$7:$C$205,0),MATCH(INDEX('Inputs (detail)'!$E$10:$E$16,MATCH(D$28,'Inputs (detail)'!$B$10:$B$16,0)),'Travel Matrix'!$D$6:$GT$6,0))*IF(INDEX('Travel Matrix'!$D$7:$GT$205,MATCH(INDEX('Inputs (detail)'!$E$10:$E$16,MATCH($B29,'Inputs (detail)'!$B$10:$B$16,0)),'Travel Matrix'!$C$7:$C$205,0),MATCH(INDEX('Inputs (detail)'!$E$10:$E$16,MATCH(D$28,'Inputs (detail)'!$B$10:$B$16,0)),'Travel Matrix'!$D$6:$GT$6,0))>Assumptions!$E$37,IF(D$27="Plane (Economy)",Assumptions!$E$35,Assumptions!$E$36),IF(D$9="Plane (Economy)",Assumptions!$E$33,Assumptions!$E$34))) -> 94.740474 | E29: =IF($B29=E$28,0,INDEX('Travel Matrix'!$D$7:$GT$205,MATCH(INDEX('Inputs (detail)'!$E$10:$E$16,MATCH($B29,'Inputs (detail)'!$B$10:$B$16,0)),'Travel Matrix'!$C$7:$C$205,0),MATCH(INDEX('Inputs (detail)'!$E$10:$E$16,MATCH(E$28,'Inputs (detail)'!$B$10:$B$16,0)),'Travel Matrix'!$D$6:$GT$6,0))*IF(INDEX('Travel Matrix'!$D$7:$GT$205,MATCH(INDEX('Inputs (detail)'!$E$10:$E$16,MATCH($B29,'Inputs (detail)'!$B$10:$B$16,0)),'Travel Matrix'!$C$7:$C$205,0),MATCH(INDEX('Inputs (detail)'!$E$10:$E$16,MATCH(E$28,'Inputs (detail)'!$B$10:$B$16,0)),'Travel Matrix'!$D$6:$GT$6,0))>Assumptions!$E$37,IF(E$27="Plane (Economy)",Assumptions!$E$35,Assumptions!$E$36),IF(E$9="Plane (Economy)",Assumptions!$E$33,Assumptions!$E$34))) -> 172.74633 | F29: =IF($B29=F$28,0,INDEX('Travel Matrix'!$D$7:$GT$205,MATCH(INDEX('Inputs (detail)'!$E$10:$E$16,MATCH($B29,'Inputs (detail)'!$B$10:$B$16,0)),'Travel Matrix'!$C$7:$C$205,0),MATCH(INDEX('Inputs (detail)'!$E$10:$E$16,MATCH(F$28,'Inputs (detail)'!$B$10:$B$16,0)),'Travel Matrix'!$D$6:$GT$6,0))*IF(INDEX('Travel Matrix'!$D$7:$GT$205,MATCH(INDEX('Inputs (detail)'!$E$10:$E$16,MATCH($B29,'Inputs (detail)'!$B$10:$B$16,0)),'Travel Matrix'!$C$7:$C$205,0),MATCH(INDEX('Inputs (detail)'!$E$10:$E$16,MATCH(F$28,'Inputs (detail)'!$B$10:$B$16,0)),'Travel Matrix'!$D$6:$GT$6,0))>Assumptions!$E$37,IF(F$27="Plane (Economy)",Assumptions!$E$35,Assumptions!$E$36),IF(F$9="Plane (Economy)",Assumptions!$E$33,Assumptions!$E$34))) -> 114.88066 | G29: =IF($B29=G$28,0,INDEX('Travel Matrix'!$D$7:$GT$205,MATCH(INDEX('Inputs (detail)'!$E$10:$E$16,MATCH($B29,'Inputs (detail)'!$B$10:$B$16,0)),'Travel Matrix'!$C$7:$C$205,0),MATCH(INDEX('Inputs (detail)'!$E$10:$E$16,MATCH(G$28,'Inputs (detail)'!$B$10:$B$16,0)),'Travel Matrix'!$D$6:$GT$6,0))*IF(INDEX('Travel Matrix'!$D$7:$GT$205,MATCH(INDEX('Inputs (detail)'!$E$10:$E$16,MATCH($B29,'Inputs (detail)'!$B$10:$B$16,0)),'Travel Matrix'!$C$7:$C$205,0),MATCH(INDEX('Inputs (detail)'!$E$10:$E$16,MATCH(G$28,'Inputs (detail)'!$B$10:$B$16,0)),'Travel Matrix'!$D$6:$GT$6,0))>Assumptions!$E$37,IF(G$27="Plane (Economy)",Assumptions!$E$35,Assumptions!$E$36),IF(G$9="Plane (Economy)",Assumptions!$E$33,Assumptions!$E$34))) -> 0 | H29: =IF($B29=H$28,0,INDEX('Travel Matrix'!$D$7:$GT$205,MATCH(INDEX('Inputs (detail)'!$E$10:$E$16,MATCH($B29,'Inputs (detail)'!$B$10:$B$16,0)),'Travel Matrix'!$C$7:$C$205,0),MATCH(INDEX('Inputs (detail)'!$E$10:$E$16,MATCH(H$28,'Inputs (detail)'!$B$10:$B$16,0)),'Travel Matrix'!$D$6:$GT$6,0))*IF(INDEX('Travel Matrix'!$D$7:$GT$205,MATCH(INDEX('Inputs (detail)'!$E$10:$E$16,MATCH($B29,'Inputs (detail)'!$B$10:$B$16,0)),'Travel Matrix'!$C$7:$C$205,0),MATCH(INDEX('Inputs (detail)'!$E$10:$E$16,MATCH(H$28,'Inputs (detail)'!$B$10:$B$16,0)),'Travel Matrix'!$D$6:$GT$6,0))>Assumptions!$E$37,IF(H$27="Plane (Economy)",Assumptions!$E$35,Assumptions!$E$36),IF(H$9="Plane (Economy)",Assumptions!$E$33,Assumptions!$E$34))) -> 142.11011 | I29: =IF($B29=I$28,0,INDEX('Travel Matrix'!$D$7:$GT$205,MATCH(INDEX('Inputs (detail)'!$E$10:$E$16,MATCH($B29,'Inputs (detail)'!$B$10:$B$16,0)),'Travel Matrix'!$C$7:$C$205,0),MATCH(INDEX('Inputs (detail)'!$E$10:$E$16,MATCH(I$28,'Inputs (detail)'!$B$10:$B$16,0)),'Travel Matrix'!$D$6:$GT$6,0))*IF(INDEX('Travel Matrix'!$D$7:$GT$205,MATCH(INDEX('Inputs (detail)'!$E$10:$E$16,MATCH($B29,'Inputs (detail)'!$B$10:$B$16,0)),'Travel Matrix'!$C$7:$C$205,0),MATCH(INDEX('Inputs (detail)'!$E$10:$E$16,MATCH(I$28,'Inputs (detail)'!$B$10:$B$16,0)),'Travel Matrix'!$D$6:$GT$6,0))>Assumptions!$E$37,IF(I$27="Plane (Economy)",Assumptions!$E$35,Assumptions!$E$36),IF(I$9="Plane (Economy)",Assumptions!$E$33,Assumptions!$E$34))) -> 259.11841 | J29: =IF($B29=J$28,0,INDEX('Travel Matrix'!$D$7:$GT$205,MATCH(INDEX('Inputs (detail)'!$E$10:$E$16,MATCH($B29,'Inputs (detail)'!$B$10:$B$16,0)),'Travel Matrix'!$C$7:$C$205,0),MATCH(INDEX('Inputs (detail)'!$E$10:$E$16,MATCH(J$28,'Inputs (detail)'!$B$10:$B$16,0)),'Travel Matrix'!$D$6:$GT$6,0))*IF(INDEX('Travel Matrix'!$D$7:$GT$205,MATCH(INDEX('Inputs (detail)'!$E$10:$E$16,MATCH($B29,'Inputs (detail)'!$B$10:$B$16,0)),'Travel Matrix'!$C$7:$C$205,0),MATCH(INDEX('Inputs (detail)'!$E$10:$E$16,MATCH(J$28,'Inputs (detail)'!$B$10:$B$16,0)),'Travel Matrix'!$D$6:$GT$6,0))>Assumptions!$E$37,IF(J$27="Plane (Economy)",Assumptions!$E$35,Assumptions!$E$36),IF(J$9="Plane (Economy)",Assumptions!$E$33,Assumptions!$E$34))) -> 172.32027 | K29: =IF($B29=K$28,0,INDEX('Travel Matrix'!$D$7:$GT$205,MATCH(INDEX('Inputs (detail)'!$E$10:$E$16,MATCH($B29,'Inputs (detail)'!$B$10:$B$16,0)),'Travel Matrix'!$C$7:$C$205,0),MATCH(INDEX('Inputs (detail)'!$E$10:$E$16,MATCH(K$28,'Inputs (detail)'!$B$10:$B$16,0)),'Travel Matrix'!$D$6:$GT$6,0)))*Assumptions!$E$38 -> 0 | L29: =IF($B29=L$28,0,INDEX('Travel Matrix'!$D$7:$GT$205,MATCH(INDEX('Inputs (detail)'!$E$10:$E$16,MATCH($B29,'Inputs (detail)'!$B$10:$B$16,0)),'Travel Matrix'!$C$7:$C$205,0),MATCH(INDEX('Inputs (detail)'!$E$10:$E$16,MATCH(L$28,'Inputs (detail)'!$B$10:$B$16,0)),'Travel Matrix'!$D$6:$GT$6,0)))*Assumptions!$E$38 -> 10.341353 | M29: =IF($B29=M$28,0,INDEX('Travel Matrix'!$D$7:$GT$205,MATCH(INDEX('Inputs (detail)'!$E$10:$E$16,MATCH($B29,'Inputs (detail)'!$B$10:$B$16,0)),'Travel Matrix'!$C$7:$C$205,0),MATCH(INDEX('Inputs (detail)'!$E$10:$E$16,MATCH(M$28,'Inputs (detail)'!$B$10:$B$16,0)),'Travel Matrix'!$D$6:$GT$6,0)))*Assumptions!$E$38 -> 18.856047 | N29: =IF($B29=N$28,0,INDEX('Travel Matrix'!$D$7:$GT$205,MATCH(INDEX('Inputs (detail)'!$E$10:$E$16,MATCH($B29,'Inputs (detail)'!$B$10:$B$16,0)),'Travel Matrix'!$C$7:$C$205,0),MATCH(INDEX('Inputs (detail)'!$E$10:$E$16,MATCH(N$28,'Inputs (detail)'!$B$10:$B$16,0)),'Travel Matrix'!$D$6:$GT$6,0)))*Assumptions!$E$38 -> 12.539746 | O29: =IF($B29=O$28,0,INDEX('Travel Matrix'!$D$7:$GT$205,MATCH(INDEX('Inputs (detail)'!$E$10:$E$16,MATCH($B29,'Inputs (detail)'!$B$10:$B$16,0)),'Travel Matrix'!$C$7:$C$205,0),MATCH(INDEX('Inputs (detail)'!$E$10:$E$16,MATCH(O$28,'Inputs (detail)'!$B$10:$B$16,0)),'Travel Matrix'!$D$6:$GT$6,0)))*Assumptions!$E$31 -> 0 | P29: =IF($B29=P$28,0,INDEX('Travel Matrix'!$D$7:$GT$205,MATCH(INDEX('Inputs (detail)'!$E$10:$E$16,MATCH($B29,'Inputs (detail)'!$B$10:$B$16,0)),'Travel Matrix'!$C$7:$C$205,0),MATCH(INDEX('Inputs (detail)'!$E$10:$E$16,MATCH(P$28,'Inputs (detail)'!$B$10:$B$16,0)),'Travel Matrix'!$D$6:$GT$6,0)))*Assumptions!$E$31 -> 78.180219 | Q29: =IF($B29=Q$28,0,INDEX('Travel Matrix'!$D$7:$GT$205,MATCH(INDEX('Inputs (detail)'!$E$10:$E$16,MATCH($B29,'Inputs (detail)'!$B$10:$B$16,0)),'Travel Matrix'!$C$7:$C$205,0),MATCH(INDEX('Inputs (detail)'!$E$10:$E$16,MATCH(Q$28,'Inputs (detail)'!$B$10:$B$16,0)),'Travel Matrix'!$D$6:$GT$6,0)))*Assumptions!$E$31 -> 142.55096 | R29: =IF($B29=R$28,0,INDEX('Travel Matrix'!$D$7:$GT$205,MATCH(INDEX('Inputs (detail)'!$E$10:$E$16,MATCH($B29,'Inputs (detail)'!$B$10:$B$16,0)),'Travel Matrix'!$C$7:$C$205,0),MATCH(INDEX('Inputs (detail)'!$E$10:$E$16,MATCH(R$28,'Inputs (detail)'!$B$10:$B$16,0)),'Travel Matrix'!$D$6:$GT$6,0)))*Assumptions!$E$31 -> 94.799983 | S29: =IF($B29=S$28,0,INDEX('Travel Matrix'!$D$7:$GT$205,MATCH(INDEX('Inputs (detail)'!$E$10:$E$16,MATCH($B29,'Inputs (detail)'!$B$10:$B$16,0)),'Travel Matrix'!$C$7:$C$205,0),MATCH(INDEX('Inputs (detail)'!$E$10:$E$16,MATCH(S$28,'Inputs (detail)'!$B$10:$B$16,0)),'Travel Matrix'!$D$6:$GT$6,0)))*Assumptions!$E$32 -> 0 | T29: =IF($B29=T$28,0,INDEX('Travel Matrix'!$D$7:$GT$205,MATCH(INDEX('Inputs (detail)'!$E$10:$E$16,MATCH($B29,'Inputs (detail)'!$B$10:$B$16,0)),'Travel Matrix'!$C$7:$C$205,0),MATCH(INDEX('Inputs (detail)'!$E$10:$E$16,MATCH(T$28,'Inputs (detail)'!$B$10:$B$16,0)),'Travel Matrix'!$D$6:$GT$6,0)))*Assumptions!$E$32 -> 28.388796 | U29: =IF($B29=U$28,0,INDEX('Travel Matrix'!$D$7:$GT$205,MATCH(INDEX('Inputs (detail)'!$E$10:$E$16,MATCH($B29,'Inputs (detail)'!$B$10:$B$16,0)),'Travel Matrix'!$C$7:$C$205,0),MATCH(INDEX('Inputs (detail)'!$E$10:$E$16,MATCH(U$28,'Inputs (detail)'!$B$10:$B$16,0)),'Travel Matrix'!$D$6:$GT$6,0)))*Assumptions!$E$32 -> 51.763098 | V29: =IF($B29=V$28,0,INDEX('Travel Matrix'!$D$7:$GT$205,MATCH(INDEX('Inputs (detail)'!$E$10:$E$16,MATCH($B29,'Inputs (detail)'!$B$10:$B$16,0)),'Travel Matrix'!$C$7:$C$205,0),MATCH(INDEX('Inputs (detail)'!$E$10:$E$16,MATCH(V$28,'Inputs (detail)'!$B$10:$B$16,0)),'Travel Matrix'!$D$6:$GT$6,0)))*Assumptions!$E$32 -> 34.423764
B30: Respondent Counsel | C30: =IF($B30=C$28,0,INDEX('Travel Matrix'!$D$7:$GT$205,MATCH(INDEX('Inputs (detail)'!$E$10:$E$16,MATCH($B30,'Inputs (detail)'!$B$10:$B$16,0)),'Travel Matrix'!$C$7:$C$205,0),MATCH(INDEX('Inputs (detail)'!$E$10:$E$16,MATCH(C$28,'Inputs (detail)'!$B$10:$B$16,0)),'Travel Matrix'!$D$6:$GT$6,0))*IF(INDEX('Travel Matrix'!$D$7:$GT$205,MATCH(INDEX('Inputs (detail)'!$E$10:$E$16,MATCH($B30,'Inputs (detail)'!$B$10:$B$16,0)),'Travel Matrix'!$C$7:$C$205,0),MATCH(INDEX('Inputs (detail)'!$E$10:$E$16,MATCH(C$28,'Inputs (detail)'!$B$10:$B$16,0)),'Travel Matrix'!$D$6:$GT$6,0))>Assumptions!$E$37,IF(C$27="Plane (Economy)",Assumptions!$E$35,Assumptions!$E$36),IF(C$9="Plane (Economy)",Assumptions!$E$33,Assumptions!$E$34))) -> 94.740474 | D30: =IF($B30=D$28,0,INDEX('Travel Matrix'!$D$7:$GT$205,MATCH(INDEX('Inputs (detail)'!$E$10:$E$16,MATCH($B30,'Inputs (detail)'!$B$10:$B$16,0)),'Travel Matrix'!$C$7:$C$205,0),MATCH(INDEX('Inputs (detail)'!$E$10:$E$16,MATCH(D$28,'Inputs (detail)'!$B$10:$B$16,0)),'Travel Matrix'!$D$6:$GT$6,0))*IF(INDEX('Travel Matrix'!$D$7:$GT$205,MATCH(INDEX('Inputs (detail)'!$E$10:$E$16,MATCH($B30,'Inputs (detail)'!$B$10:$B$16,0)),'Travel Matrix'!$C$7:$C$205,0),MATCH(INDEX('Inputs (detail)'!$E$10:$E$16,MATCH(D$28,'Inputs (detail)'!$B$10:$B$16,0)),'Travel Matrix'!$D$6:$GT$6,0))>Assumptions!$E$37,IF(D$27="Plane (Economy)",Assumptions!$E$35,Assumptions!$E$36),IF(D$9="Plane (Economy)",Assumptions!$E$33,Assumptions!$E$34))) -> 0 | E30: =IF($B30=E$28,0,INDEX('Travel Matrix'!$D$7:$GT$205,MATCH(INDEX('Inputs (detail)'!$E$10:$E$16,MATCH($B30,'Inputs (detail)'!$B$10:$B$16,0)),'Travel Matrix'!$C$7:$C$205,0),MATCH(INDEX('Inputs (detail)'!$E$10:$E$16,MATCH(E$28,'Inputs (detail)'!$B$10:$B$16,0)),'Travel Matrix'!$D$6:$GT$6,0))*IF(INDEX('Travel Matrix'!$D$7:$GT$205,MATCH(INDEX('Inputs (detail)'!$E$10:$E$16,MATCH($B30,'Inputs (detail)'!$B$10:$B$16,0)),'Travel Matrix'!$C$7:$C$205,0),MATCH(INDEX('Inputs (detail)'!$E$10:$E$16,MATCH(E$28,'Inputs (detail)'!$B$10:$B$16,0)),'Travel Matrix'!$D$6:$GT$6,0))>Assumptions!$E$37,IF(E$27="Plane (Economy)",Assumptions!$E$35,Assumptions!$E$36),IF(E$9="Plane (Economy)",Assumptions!$E$33,Assumptions!$E$34))) -> 115.13698 | F30: =IF($B30=F$28,0,INDEX('Travel Matrix'!$D$7:$GT$205,MATCH(INDEX('Inputs (detail)'!$E$10:$E$16,MATCH($B30,'Inputs (detail)'!$B$10:$B$16,0)),'Travel Matrix'!$C$7:$C$205,0),MATCH(INDEX('Inputs (detail)'!$E$10:$E$16,MATCH(F$28,'Inputs (detail)'!$B$10:$B$16,0)),'Travel Matrix'!$D$6:$GT$6,0))*IF(INDEX('Travel Matrix'!$D$7:$GT$205,MATCH(INDEX('Inputs (detail)'!$E$10:$E$16,MATCH($B30,'Inputs (detail)'!$B$10:$B$16,0)),'Travel Matrix'!$C$7:$C$205,0),MATCH(INDEX('Inputs (detail)'!$E$10:$E$16,MATCH(F$28,'Inputs (detail)'!$B$10:$B$16,0)),'Travel Matrix'!$D$6:$GT$6,0))>Assumptions!$E$37,IF(F$27="Plane (Economy)",Assumptions!$E$35,Assumptions!$E$36),IF(F$9="Plane (Economy)",Assumptions!$E$33,Assumptions!$E$34))) -> 91.935055 | G30: =IF($B30=G$28,0,INDEX('Travel Matrix'!$D$7:$GT$205,MATCH(INDEX('Inputs (detail)'!$E$10:$E$16,MATCH($B30,'Inputs (detail)'!$B$10:$B$16,0)),'Travel Matrix'!$C$7:$C$205,0),MATCH(INDEX('Inputs (detail)'!$E$10:$E$16,MATCH(G$28,'Inputs (detail)'!$B$10:$B$16,0)),'Travel Matrix'!$D$6:$GT$6,0))*IF(INDEX('Travel Matrix'!$D$7:$GT$205,MATCH(INDEX('Inputs (detail)'!$E$10:$E$16,MATCH($B30,'Inputs (detail)'!$B$10:$B$16,0)),'Travel Matrix'!$C$7:$C$205,0),MATCH(INDEX('Inputs (detail)'!$E$10:$E$16,MATCH(G$28,'Inputs (detail)'!$B$10:$B$16,0)),'Travel Matrix'!$D$6:$GT$6,0))>Assumptions!$E$37,IF(G$27="Plane (Economy)",Assumptions!$E$35,Assumptions!$E$36),IF(G$9="Plane (Economy)",Assumptions!$E$33,Assumptions!$E$34))) -> 142.11011 | H30: =IF($B30=H$28,0,INDEX('Travel Matrix'!$D$7:$GT$205,MATCH(INDEX('Inputs (detail)'!$E$10:$E$16,MATCH($B30,'Inputs (detail)'!$B$10:$B$16,0)),'Travel Matrix'!$C$7:$C$205,0),MATCH(INDEX('Inputs (detail)'!$E$10:$E$16,MATCH(H$28,'Inputs (detail)'!$B$10:$B$16,0)),'Travel Matrix'!$D$6:$GT$6,0))*IF(INDEX('Travel Matrix'!$D$7:$GT$205,MATCH(INDEX('Inputs (detail)'!$E$10:$E$16,MATCH($B30,'Inputs (detail)'!$B$10:$B$16,0)),'Travel Matrix'!$C$7:$C$205,0),MATCH(INDEX('Inputs (detail)'!$E$10:$E$16,MATCH(H$28,'Inputs (detail)'!$B$10:$B$16,0)),'Travel Matrix'!$D$6:$GT$6,0))>Assumptions!$E$37,IF(H$27="Plane (Economy)",Assumptions!$E$35,Assumptions!$E$36),IF(H$9="Plane (Economy)",Assumptions!$E$33,Assumptions!$E$34))) -> 0 | I30: =IF($B30=I$28,0,INDEX('Travel Matrix'!$D$7:$GT$205,MATCH(INDEX('Inputs (detail)'!$E$10:$E$16,MATCH($B30,'Inputs (detail)'!$B$10:$B$16,0)),'Travel Matrix'!$C$7:$C$205,0),MATCH(INDEX('Inputs (detail)'!$E$10:$E$16,MATCH(I$28,'Inputs (detail)'!$B$10:$B$16,0)),'Travel Matrix'!$D$6:$GT$6,0))*IF(INDEX('Travel Matrix'!$D$7:$GT$205,MATCH(INDEX('Inputs (detail)'!$E$10:$E$16,MATCH($B30,'Inputs (detail)'!$B$10:$B$16,0)),'Travel Matrix'!$C$7:$C$205,0),MATCH(INDEX('Inputs (detail)'!$E$10:$E$16,MATCH(I$28,'Inputs (detail)'!$B$10:$B$16,0)),'Travel Matrix'!$D$6:$GT$6,0))>Assumptions!$E$37,IF(I$27="Plane (Economy)",Assumptions!$E$35,Assumptions!$E$36),IF(I$9="Plane (Economy)",Assumptions!$E$33,Assumptions!$E$34))) -> 172.70475 | J30: =IF($B30=J$28,0,INDEX('Travel Matrix'!$D$7:$GT$205,MATCH(INDEX('Inputs (detail)'!$E$10:$E$16,MATCH($B30,'Inputs (detail)'!$B$10:$B$16,0)),'Travel Matrix'!$C$7:$C$205,0),MATCH(INDEX('Inputs (detail)'!$E$10:$E$16,MATCH(J$28,'Inputs (detail)'!$B$10:$B$16,0)),'Travel Matrix'!$D$6:$GT$6,0))*IF(INDEX('Travel Matrix'!$D$7:$GT$205,MATCH(INDEX('Inputs (detail)'!$E$10:$E$16,MATCH($B30,'Inputs (detail)'!$B$10:$B$16,0)),'Travel Matrix'!$C$7:$C$205,0),MATCH(INDEX('Inputs (detail)'!$E$10:$E$16,MATCH(J$28,'Inputs (detail)'!$B$10:$B$16,0)),'Travel Matrix'!$D$6:$GT$6,0))>Assumptions!$E$37,IF(J$27="Plane (Economy)",Assumptions!$E$35,Assumptions!$E$36),IF(J$9="Plane (Economy)",Assumptions!$E$33,Assumptions!$E$34))) -> 137.902 | K30: =IF($B30=K$28,0,INDEX('Travel Matrix'!$D$7:$GT$205,MATCH(INDEX('Inputs (detail)'!$E$10:$E$16,MATCH($B30,'Inputs (detail)'!$B$10:$B$16,0)),'Travel Matrix'!$C$7:$C$205,0),MATCH(INDEX('Inputs (detail)'!$E$10:$E$16,MATCH(K$28,'Inputs (detail)'!$B$10:$B$16,0)),'Travel Matrix'!$D$6:$GT$6,0)))*Assumptions!$E$38 -> 10.341353 | L30: =IF($B30=L$28,0,INDEX('Travel Matrix'!$D$7:$GT$205,MATCH(INDEX('Inputs (detail)'!$E$10:$E$16,MATCH($B30,'Inputs (detail)'!$B$10:$B$16,0)),'Travel Matrix'!$C$7:$C$205,0),MATCH(INDEX('Inputs (detail)'!$E$10:$E$16,MATCH(L$28,'Inputs (detail)'!$B$10:$B$16,0)),'Travel Matrix'!$D$6:$GT$6,0)))*Assumptions!$E$38 -> 0 | M30: =IF($B30=M$28,0,INDEX('Travel Matrix'!$D$7:$GT$205,MATCH(INDEX('Inputs (detail)'!$E$10:$E$16,MATCH($B30,'Inputs (detail)'!$B$10:$B$16,0)),'Travel Matrix'!$C$7:$C$205,0),MATCH(INDEX('Inputs (detail)'!$E$10:$E$16,MATCH(M$28,'Inputs (detail)'!$B$10:$B$16,0)),'Travel Matrix'!$D$6:$GT$6,0)))*Assumptions!$E$38 -> 12.567725 | N30: =IF($B30=N$28,0,INDEX('Travel Matrix'!$D$7:$GT$205,MATCH(INDEX('Inputs (detail)'!$E$10:$E$16,MATCH($B30,'Inputs (detail)'!$B$10:$B$16,0)),'Travel Matrix'!$C$7:$C$205,0),MATCH(INDEX('Inputs (detail)'!$E$10:$E$16,MATCH(N$28,'Inputs (detail)'!$B$10:$B$16,0)),'Travel Matrix'!$D$6:$GT$6,0)))*Assumptions!$E$38 -> 10.035129 | O30: =IF($B30=O$28,0,INDEX('Travel Matrix'!$D$7:$GT$205,MATCH(INDEX('Inputs (detail)'!$E$10:$E$16,MATCH($B30,'Inputs (detail)'!$B$10:$B$16,0)),'Travel Matrix'!$C$7:$C$205,0),MATCH(INDEX('Inputs (detail)'!$E$10:$E$16,MATCH(O$28,'Inputs (detail)'!$B$10:$B$16,0)),'Travel Matrix'!$D$6:$GT$6,0)))*Assumptions!$E$31 -> 78.180219 | P30: =IF($B30=P$28,0,INDEX('Travel Matrix'!$D$7:$GT$205,MATCH(INDEX('Inputs (detail)'!$E$10:$E$16,MATCH($B30,'Inputs (detail)'!$B$10:$B$16,0)),'Travel Matrix'!$C$7:$C$205,0),MATCH(INDEX('Inputs (detail)'!$E$10:$E$16,MATCH(P$28,'Inputs (detail)'!$B$10:$B$16,0)),'Travel Matrix'!$D$6:$GT$6,0)))*Assumptions!$E$31 -> 0 | Q30: =IF($B30=Q$28,0,INDEX('Travel Matrix'!$D$7:$GT$205,MATCH(INDEX('Inputs (detail)'!$E$10:$E$16,MATCH($B30,'Inputs (detail)'!$B$10:$B$16,0)),'Travel Matrix'!$C$7:$C$205,0),MATCH(INDEX('Inputs (detail)'!$E$10:$E$16,MATCH(Q$28,'Inputs (detail)'!$B$10:$B$16,0)),'Travel Matrix'!$D$6:$GT$6,0)))*Assumptions!$E$31 -> 95.011499 | R30: =IF($B30=R$28,0,INDEX('Travel Matrix'!$D$7:$GT$205,MATCH(INDEX('Inputs (detail)'!$E$10:$E$16,MATCH($B30,'Inputs (detail)'!$B$10:$B$16,0)),'Travel Matrix'!$C$7:$C$205,0),MATCH(INDEX('Inputs (detail)'!$E$10:$E$16,MATCH(R$28,'Inputs (detail)'!$B$10:$B$16,0)),'Travel Matrix'!$D$6:$GT$6,0)))*Assumptions!$E$31 -> 75.865176 | S30: =IF($B30=S$28,0,INDEX('Travel Matrix'!$D$7:$GT$205,MATCH(INDEX('Inputs (detail)'!$E$10:$E$16,MATCH($B30,'Inputs (detail)'!$B$10:$B$16,0)),'Travel Matrix'!$C$7:$C$205,0),MATCH(INDEX('Inputs (detail)'!$E$10:$E$16,MATCH(S$28,'Inputs (detail)'!$B$10:$B$16,0)),'Travel Matrix'!$D$6:$GT$6,0)))*Assumptions!$E$32 -> 28.388796 | T30: =IF($B30=T$28,0,INDEX('Travel Matrix'!$D$7:$GT$205,MATCH(INDEX('Inputs (detail)'!$E$10:$E$16,MATCH($B30,'Inputs (detail)'!$B$10:$B$16,0)),'Travel Matrix'!$C$7:$C$205,0),MATCH(INDEX('Inputs (detail)'!$E$10:$E$16,MATCH(T$28,'Inputs (detail)'!$B$10:$B$16,0)),'Travel Matrix'!$D$6:$GT$6,0)))*Assumptions!$E$32 -> 0 | U30: =IF($B30=U$28,0,INDEX('Travel Matrix'!$D$7:$GT$205,MATCH(INDEX('Inputs (detail)'!$E$10:$E$16,MATCH($B30,'Inputs (detail)'!$B$10:$B$16,0)),'Travel Matrix'!$C$7:$C$205,0),MATCH(INDEX('Inputs (detail)'!$E$10:$E$16,MATCH(U$28,'Inputs (detail)'!$B$10:$B$16,0)),'Travel Matrix'!$D$6:$GT$6,0)))*Assumptions!$E$32 -> 34.50057 | V30: =IF($B30=V$28,0,INDEX('Travel Matrix'!$D$7:$GT$205,MATCH(INDEX('Inputs (detail)'!$E$10:$E$16,MATCH($B30,'Inputs (detail)'!$B$10:$B$16,0)),'Travel Matrix'!$C$7:$C$205,0),MATCH(INDEX('Inputs (detail)'!$E$10:$E$16,MATCH(V$28,'Inputs (detail)'!$B$10:$B$16,0)),'Travel Matrix'!$D$6:$GT$6,0)))*Assumptions!$E$32 -> 27.548158
B31: Respondent Expert | C31: =IF($B31=C$28,0,INDEX('Travel Matrix'!$D$7:$GT$205,MATCH(INDEX('Inputs (detail)'!$E$10:$E$16,MATCH($B31,'Inputs (detail)'!$B$10:$B$16,0)),'Travel Matrix'!$C$7:$C$205,0),MATCH(INDEX('Inputs (detail)'!$E$10:$E$16,MATCH(C$28,'Inputs (detail)'!$B$10:$B$16,0)),'Travel Matrix'!$D$6:$GT$6,0))*IF(INDEX('Travel Matrix'!$D$7:$GT$205,MATCH(INDEX('Inputs (detail)'!$E$10:$E$16,MATCH($B31,'Inputs (detail)'!$B$10:$B$16,0)),'Travel Matrix'!$C$7:$C$205,0),MATCH(INDEX('Inputs (detail)'!$E$10:$E$16,MATCH(C$28,'Inputs (detail)'!$B$10:$B$16,0)),'Travel Matrix'!$D$6:$GT$6,0))>Assumptions!$E$37,IF(C$27="Plane (Economy)",Assumptions!$E$35,Assumptions!$E$36),IF(C$9="Plane (Economy)",Assumptions!$E$33,Assumptions!$E$34))) -> 172.74633 | D31: =IF($B31=D$28,0,INDEX('Travel Matrix'!$D$7:$GT$205,MATCH(INDEX('Inputs (detail)'!$E$10:$E$16,MATCH($B31,'Inputs (detail)'!$B$10:$B$16,0)),'Travel Matrix'!$C$7:$C$205,0),MATCH(INDEX('Inputs (detail)'!$E$10:$E$16,MATCH(D$28,'Inputs (detail)'!$B$10:$B$16,0)),'Travel Matrix'!$D$6:$GT$6,0))*IF(INDEX('Travel Matrix'!$D$7:$GT$205,MATCH(INDEX('Inputs (detail)'!$E$10:$E$16,MATCH($B31,'Inputs (detail)'!$B$10:$B$16,0)),'Travel Matrix'!$C$7:$C$205,0),MATCH(INDEX('Inputs (detail)'!$E$10:$E$16,MATCH(D$28,'Inputs (detail)'!$B$10:$B$16,0)),'Travel Matrix'!$D$6:$GT$6,0))>Assumptions!$E$37,IF(D$27="Plane (Economy)",Assumptions!$E$35,Assumptions!$E$36),IF(D$9="Plane (Economy)",Assumptions!$E$33,Assumptions!$E$34))) -> 115.13698 | E31: =IF($B31=E$28,0,INDEX('Travel Matrix'!$D$7:$GT$205,MATCH(INDEX('Inputs (detail)'!$E$10:$E$16,MATCH($B31,'Inputs (detail)'!$B$10:$B$16,0)),'Travel Matrix'!$C$7:$C$205,0),MATCH(INDEX('Inputs (detail)'!$E$10:$E$16,MATCH(E$28,'Inputs (detail)'!$B$10:$B$16,0)),'Travel Matrix'!$D$6:$GT$6,0))*IF(INDEX('Travel Matrix'!$D$7:$GT$205,MATCH(INDEX('Inputs (detail)'!$E$10:$E$16,MATCH($B31,'Inputs (detail)'!$B$10:$B$16,0)),'Travel Matrix'!$C$7:$C$205,0),MATCH(INDEX('Inputs (detail)'!$E$10:$E$16,MATCH(E$28,'Inputs (detail)'!$B$10:$B$16,0)),'Travel Matrix'!$D$6:$GT$6,0))>Assumptions!$E$37,IF(E$27="Plane (Economy)",Assumptions!$E$35,Assumptions!$E$36),IF(E$9="Plane (Economy)",Assumptions!$E$33,Assumptions!$E$34))) -> 0 | F31: =IF($B31=F$28,0,INDEX('Travel Matrix'!$D$7:$GT$205,MATCH(INDEX('Inputs (detail)'!$E$10:$E$16,MATCH($B31,'Inputs (detail)'!$B$10:$B$16,0)),'Travel Matrix'!$C$7:$C$205,0),MATCH(INDEX('Inputs (detail)'!$E$10:$E$16,MATCH(F$28,'Inputs (detail)'!$B$10:$B$16,0)),'Travel Matrix'!$D$6:$GT$6,0))*IF(INDEX('Travel Matrix'!$D$7:$GT$205,MATCH(INDEX('Inputs (detail)'!$E$10:$E$16,MATCH($B31,'Inputs (detail)'!$B$10:$B$16,0)),'Travel Matrix'!$C$7:$C$205,0),MATCH(INDEX('Inputs (detail)'!$E$10:$E$16,MATCH(F$28,'Inputs (detail)'!$B$10:$B$16,0)),'Travel Matrix'!$D$6:$GT$6,0))>Assumptions!$E$37,IF(F$27="Plane (Economy)",Assumptions!$E$35,Assumptions!$E$36),IF(F$9="Plane (Economy)",Assumptions!$E$33,Assumptions!$E$34))) -> 65.180227 | G31: =IF($B31=G$28,0,INDEX('Travel Matrix'!$D$7:$GT$205,MATCH(INDEX('Inputs (detail)'!$E$10:$E$16,MATCH($B31,'Inputs (detail)'!$B$10:$B$16,0)),'Travel Matrix'!$C$7:$C$205,0),MATCH(INDEX('Inputs (detail)'!$E$10:$E$16,MATCH(G$28,'Inputs (detail)'!$B$10:$B$16,0)),'Travel Matrix'!$D$6:$GT$6,0))*IF(INDEX('Travel Matrix'!$D$7:$GT$205,MATCH(INDEX('Inputs (detail)'!$E$10:$E$16,MATCH($B31,'Inputs (detail)'!$B$10:$B$16,0)),'Travel Matrix'!$C$7:$C$205,0),MATCH(INDEX('Inputs (detail)'!$E$10:$E$16,MATCH(G$28,'Inputs (detail)'!$B$10:$B$16,0)),'Travel Matrix'!$D$6:$GT$6,0))>Assumptions!$E$37,IF(G$27="Plane (Economy)",Assumptions!$E$35,Assumptions!$E$36),IF(G$9="Plane (Economy)",Assumptions!$E$33,Assumptions!$E$34))) -> 259.11841 | H31: =IF($B31=H$28,0,INDEX('Travel Matrix'!$D$7:$GT$205,MATCH(INDEX('Inputs (detail)'!$E$10:$E$16,MATCH($B31,'Inputs (detail)'!$B$10:$B$16,0)),'Travel Matrix'!$C$7:$C$205,0),MATCH(INDEX('Inputs (detail)'!$E$10:$E$16,MATCH(H$28,'Inputs (detail)'!$B$10:$B$16,0)),'Travel Matrix'!$D$6:$GT$6,0))*IF(INDEX('Travel Matrix'!$D$7:$GT$205,MATCH(INDEX('Inputs (detail)'!$E$10:$E$16,MATCH($B31,'Inputs (detail)'!$B$10:$B$16,0)),'Travel Matrix'!$C$7:$C$205,0),MATCH(INDEX('Inputs (detail)'!$E$10:$E$16,MATCH(H$28,'Inputs (detail)'!$B$10:$B$16,0)),'Travel Matrix'!$D$6:$GT$6,0))>Assumptions!$E$37,IF(H$27="Plane (Economy)",Assumptions!$E$35,Assumptions!$E$36),IF(H$9="Plane (Economy)",Assumptions!$E$33,Assumptions!$E$34))) -> 172.70475 | I31: =IF($B31=I$28,0,INDEX('Travel Matrix'!$D$7:$GT$205,MATCH(INDEX('Inputs (detail)'!$E$10:$E$16,MATCH($B31,'Inputs (detail)'!$B$10:$B$16,0)),'Travel Matrix'!$C$7:$C$205,0),MATCH(INDEX('Inputs (detail)'!$E$10:$E$16,MATCH(I$28,'Inputs (detail)'!$B$10:$B$16,0)),'Travel Matrix'!$D$6:$GT$6,0))*IF(INDEX('Travel Matrix'!$D$7:$GT$205,MATCH(INDEX('Inputs (detail)'!$E$10:$E$16,MATCH($B31,'Inputs (detail)'!$B$10:$B$16,0)),'Travel Matrix'!$C$7:$C$205,0),MATCH(INDEX('Inputs (detail)'!$E$10:$E$16,MATCH(I$28,'Inputs (detail)'!$B$10:$B$16,0)),'Travel Matrix'!$D$6:$GT$6,0))>Assumptions!$E$37,IF(I$27="Plane (Economy)",Assumptions!$E$35,Assumptions!$E$36),IF(I$9="Plane (Economy)",Assumptions!$E$33,Assumptions!$E$34))) -> 0 | J31: =IF($B31=J$28,0,INDEX('Travel Matrix'!$D$7:$GT$205,MATCH(INDEX('Inputs (detail)'!$E$10:$E$16,MATCH($B31,'Inputs (detail)'!$B$10:$B$16,0)),'Travel Matrix'!$C$7:$C$205,0),MATCH(INDEX('Inputs (detail)'!$E$10:$E$16,MATCH(J$28,'Inputs (detail)'!$B$10:$B$16,0)),'Travel Matrix'!$D$6:$GT$6,0))*IF(INDEX('Travel Matrix'!$D$7:$GT$205,MATCH(INDEX('Inputs (detail)'!$E$10:$E$16,MATCH($B31,'Inputs (detail)'!$B$10:$B$16,0)),'Travel Matrix'!$C$7:$C$205,0),MATCH(INDEX('Inputs (detail)'!$E$10:$E$16,MATCH(J$28,'Inputs (detail)'!$B$10:$B$16,0)),'Travel Matrix'!$D$6:$GT$6,0))>Assumptions!$E$37,IF(J$27="Plane (Economy)",Assumptions!$E$35,Assumptions!$E$36),IF(J$9="Plane (Economy)",Assumptions!$E$33,Assumptions!$E$34))) -> 97.769929 | K31: =IF($B31=K$28,0,INDEX('Travel Matrix'!$D$7:$GT$205,MATCH(INDEX('Inputs (detail)'!$E$10:$E$16,MATCH($B31,'Inputs (detail)'!$B$10:$B$16,0)),'Travel Matrix'!$C$7:$C$205,0),MATCH(INDEX('Inputs (detail)'!$E$10:$E$16,MATCH(K$28,'Inputs (detail)'!$B$10:$B$16,0)),'Travel Matrix'!$D$6:$GT$6,0)))*Assumptions!$E$38 -> 18.856047 | L31: =IF($B31=L$28,0,INDEX('Travel Matrix'!$D$7:$GT$205,MATCH(INDEX('Inputs (detail)'!$E$10:$E$16,MATCH($B31,'Inputs (detail)'!$B$10:$B$16,0)),'Travel Matrix'!$C$7:$C$205,0),MATCH(INDEX('Inputs (detail)'!$E$10:$E$16,MATCH(L$28,'Inputs (detail)'!$B$10:$B$16,0)),'Travel Matrix'!$D$6:$GT$6,0)))*Assumptions!$E$38 -> 12.567725 | M31: =IF($B31=M$28,0,INDEX('Travel Matrix'!$D$7:$GT$205,MATCH(INDEX('Inputs (detail)'!$E$10:$E$16,MATCH($B31,'Inputs (detail)'!$B$10:$B$16,0)),'Travel Matrix'!$C$7:$C$205,0),MATCH(INDEX('Inputs (detail)'!$E$10:$E$16,MATCH(M$28,'Inputs (detail)'!$B$10:$B$16,0)),'Travel Matrix'!$D$6:$GT$6,0)))*Assumptions!$E$38 -> 0 | N31: =IF($B31=N$28,0,INDEX('Travel Matrix'!$D$7:$GT$205,MATCH(INDEX('Inputs (detail)'!$E$10:$E$16,MATCH($B31,'Inputs (detail)'!$B$10:$B$16,0)),'Travel Matrix'!$C$7:$C$205,0),MATCH(INDEX('Inputs (detail)'!$E$10:$E$16,MATCH(N$28,'Inputs (detail)'!$B$10:$B$16,0)),'Travel Matrix'!$D$6:$GT$6,0)))*Assumptions!$E$38 -> 7.1147178 | O31: =IF($B31=O$28,0,INDEX('Travel Matrix'!$D$7:$GT$205,MATCH(INDEX('Inputs (detail)'!$E$10:$E$16,MATCH($B31,'Inputs (detail)'!$B$10:$B$16,0)),'Travel Matrix'!$C$7:$C$205,0),MATCH(INDEX('Inputs (detail)'!$E$10:$E$16,MATCH(O$28,'Inputs (detail)'!$B$10:$B$16,0)),'Travel Matrix'!$D$6:$GT$6,0)))*Assumptions!$E$31 -> 142.55096 | P31: =IF($B31=P$28,0,INDEX('Travel Matrix'!$D$7:$GT$205,MATCH(INDEX('Inputs (detail)'!$E$10:$E$16,MATCH($B31,'Inputs (detail)'!$B$10:$B$16,0)),'Travel Matrix'!$C$7:$C$205,0),MATCH(INDEX('Inputs (detail)'!$E$10:$E$16,MATCH(P$28,'Inputs (detail)'!$B$10:$B$16,0)),'Travel Matrix'!$D$6:$GT$6,0)))*Assumptions!$E$31 -> 95.011499 | Q31: =IF($B31=Q$28,0,INDEX('Travel Matrix'!$D$7:$GT$205,MATCH(INDEX('Inputs (detail)'!$E$10:$E$16,MATCH($B31,'Inputs (detail)'!$B$10:$B$16,0)),'Travel Matrix'!$C$7:$C$205,0),MATCH(INDEX('Inputs (detail)'!$E$10:$E$16,MATCH(Q$28,'Inputs (detail)'!$B$10:$B$16,0)),'Travel Matrix'!$D$6:$GT$6,0)))*Assumptions!$E$31 -> 0 | R31: =IF($B31=R$28,0,INDEX('Travel Matrix'!$D$7:$GT$205,MATCH(INDEX('Inputs (detail)'!$E$10:$E$16,MATCH($B31,'Inputs (detail)'!$B$10:$B$16,0)),'Travel Matrix'!$C$7:$C$205,0),MATCH(INDEX('Inputs (detail)'!$E$10:$E$16,MATCH(R$28,'Inputs (detail)'!$B$10:$B$16,0)),'Travel Matrix'!$D$6:$GT$6,0)))*Assumptions!$E$31 -> 53.786984 | S31: =IF($B31=S$28,0,INDEX('Travel Matrix'!$D$7:$GT$205,MATCH(INDEX('Inputs (detail)'!$E$10:$E$16,MATCH($B31,'Inputs (detail)'!$B$10:$B$16,0)),'Travel Matrix'!$C$7:$C$205,0),MATCH(INDEX('Inputs (detail)'!$E$10:$E$16,MATCH(S$28,'Inputs (detail)'!$B$10:$B$16,0)),'Travel Matrix'!$D$6:$GT$6,0)))*Assumptions!$E$32 -> 51.763098 | T31: =IF($B31=T$28,0,INDEX('Travel Matrix'!$D$7:$GT$205,MATCH(INDEX('Inputs (detail)'!$E$10:$E$16,MATCH($B31,'Inputs (detail)'!$B$10:$B$16,0)),'Travel Matrix'!$C$7:$C$205,0),MATCH(INDEX('Inputs (detail)'!$E$10:$E$16,MATCH(T$28,'Inputs (detail)'!$B$10:$B$16,0)),'Travel Matrix'!$D$6:$GT$6,0)))*Assumptions!$E$32 -> 34.50057 | U31: =IF($B31=U$28,0,INDEX('Travel Matrix'!$D$7:$GT$205,MATCH(INDEX('Inputs (detail)'!$E$10:$E$16,MATCH($B31,'Inputs (detail)'!$B$10:$B$16,0)),'Travel Matrix'!$C$7:$C$205,0),MATCH(INDEX('Inputs (detail)'!$E$10:$E$16,MATCH(U$28,'Inputs (detail)'!$B$10:$B$16,0)),'Travel Matrix'!$D$6:$GT$6,0)))*Assumptions!$E$32 -> 0 | V31: =IF($B31=V$28,0,INDEX('Travel Matrix'!$D$7:$GT$205,MATCH(INDEX('Inputs (detail)'!$E$10:$E$16,MATCH($B31,'Inputs (detail)'!$B$10:$B$16,0)),'Travel Matrix'!$C$7:$C$205,0),MATCH(INDEX('Inputs (detail)'!$E$10:$E$16,MATCH(V$28,'Inputs (detail)'!$B$10:$B$16,0)),'Travel Matrix'!$D$6:$GT$6,0)))*Assumptions!$E$32 -> 19.531126
C33: Plane (Economy) | D33: Plane (Business) | E33: Rail | F33: Car | G33: Car (electric)
B34: Counsel transport to Respondent | C34: =D29 -> 94.740474 | D34: =H29 -> 142.11011 | E34: =L29 -> 10.341353 | F34: =P29 -> 78.180219 | G34: =T29 -> 28.388796
B35: Expert transport to Respondent | C35: =E29 -> 172.74633 | D35: =I29 -> 259.11841 | E35: =M29 -> 18.856047 | F35: =Q29 -> 142.55096 | G35: =U29 -> 51.763098
B36: Respondent transport to Counsel | C36: =C30 -> 94.740474 | D36: =G30 -> 142.11011 | E36: =K30 -> 10.341353 | F36: =O30 -> 78.180219 | G36: =S30 -> 28.388796
B37: Expert transport to Counsel | C37: =E30 -> 115.13698 | D37: =I30 -> 172.70475 | E37: =M30 -> 12.567725 | F37: =Q30 -> 95.011499 | G37: =U30 -> 34.50057
B38: Respondent transport to Expert | C38: =C31 -> 172.74633 | D38: =G31 -> 259.11841 | E38: =K31 -> 18.856047 | F38: =O31 -> 142.55096 | G38: =S31 -> 51.763098
B39: Counsel transport to Expert | C39: =D31 -> 115.13698 | D39: =H31 -> 172.70475 | E39: =L31 -> 12.567725 | F39: =P31 -> 95.011499 | G39: =T31 -> 34.50057
B40: Respondent transport to Hearing | C40: =F29 -> 114.88066 | D40: =J29 -> 172.32027 | E40: =N29 -> 12.539746 | F40: =R29 -> 94.799983 | G40: =V29 -> 34.423764
B41: Counsel transport to Hearing | C41: =F30 -> 91.935055 | D41: =J30 -> 137.902 | E41: =N30 -> 10.035129 | F41: =R30 -> 75.865176 | G41: =V30 -> 27.548158
B42: Expert transport to Hearing | C42: =F31 -> 65.180227 | D42: =J31 -> 97.769929 | E42: =N31 -> 7.1147178 | F42: =R31 -> 53.786984 | G42: =V31 -> 19.531126
C44: Plane (Economy) | D44: Plane (Business) | E44: Rail | F44: Car | G44: Car (electric)
B45: Arbitrator 1 | C45: =IFERROR(INDEX('Travel Matrix'!$D$7:$GT$205,MATCH(INDEX('Inputs (detail)'!$E$17:$E$19,MATCH('Transport Calcs'!$B45,'Inputs (detail)'!$B$17:$B$19,0)),'Travel Matrix'!$C$7:$C$205,0),MATCH('Inputs (detail)'!$E$16,'Travel Matrix'!$D$6:$GT$6,0))*IF(INDEX('Travel Matrix'!$D$7:$GT$205,MATCH(INDEX('Inputs (detail)'!$E$17:$E$19,MATCH('Transport Calcs'!$B45,'Inputs (detail)'!$B$17:$B$19,0)),'Travel Matrix'!$C$7:$C$205,0),MATCH('Inputs (detail)'!$E$16,'Travel Matrix'!$D$6:$GT$6,0))>Assumptions!$E$37,IF(C$44="Plane (Economy)",Assumptions!$E$35,Assumptions!$E$36),IF(C$44="Plane (Economy)",Assumptions!$E$33,Assumptions!$E$34)),0) -> 65.180227 | D45: =IFERROR(INDEX('Travel Matrix'!$D$7:$GT$205,MATCH(INDEX('Inputs (detail)'!$E$17:$E$19,MATCH('Transport Calcs'!$B45,'Inputs (detail)'!$B$17:$B$19,0)),'Travel Matrix'!$C$7:$C$205,0),MATCH('Inputs (detail)'!$E$16,'Travel Matrix'!$D$6:$GT$6,0))*IF(INDEX('Travel Matrix'!$D$7:$GT$205,MATCH(INDEX('Inputs (detail)'!$E$17:$E$19,MATCH('Transport Calcs'!$B45,'Inputs (detail)'!$B$17:$B$19,0)),'Travel Matrix'!$C$7:$C$205,0),MATCH('Inputs (detail)'!$E$16,'Travel Matrix'!$D$6:$GT$6,0))>Assumptions!$E$37,IF(D$44="Plane (Economy)",Assumptions!$E$35,Assumptions!$E$36),IF(D$44="Plane (Economy)",Assumptions!$E$33,Assumptions!$E$34)),0) -> 97.769929 | E45: =IFERROR(INDEX('Travel Matrix'!$D$7:$GT$205,MATCH(INDEX('Inputs (detail)'!$E$17:$E$19,MATCH('Transport Calcs'!$B45,'Inputs (detail)'!$B$17:$B$19,0)),'Travel Matrix'!$C$7:$C$205,0),MATCH('Inputs (detail)'!$E$16,'Travel Matrix'!$D$6:$GT$6,0))*Assumptions!$E$38,0) -> 7.1147178 | F45: =IFERROR(INDEX('Travel Matrix'!$D$7:$GT$205,MATCH(INDEX('Inputs (detail)'!$E$17:$E$19,MATCH('Transport Calcs'!$B45,'Inputs (detail)'!$B$17:$B$19,0)),'Travel Matrix'!$C$7:$C$205,0),MATCH('Inputs (detail)'!$E$16,'Travel Matrix'!$D$6:$GT$6,0))*Assumptions!$E$31,0) -> 53.786984 | G45: =IFERROR(INDEX('Travel Matrix'!$D$7:$GT$205,MATCH(INDEX('Inputs (detail)'!$E$17:$E$19,MATCH('Transport Calcs'!$B45,'Inputs (detail)'!$B$17:$B$19,0)),'Travel Matrix'!$C$7:$C$205,0),MATCH('Inputs (detail)'!$E$16,'Travel Matrix'!$D$6:$GT$6,0))*Assumptions!$E$32,0) -> 19.531126
B46: Arbitrator 2 | C46: =IFERROR(INDEX('Travel Matrix'!$D$7:$GT$205,MATCH(INDEX('Inputs (detail)'!$E$17:$E$19,MATCH('Transport Calcs'!$B46,'Inputs (detail)'!$B$17:$B$19,0)),'Travel Matrix'!$C$7:$C$205,0),MATCH('Inputs (detail)'!$E$16,'Travel Matrix'!$D$6:$GT$6,0))*IF(INDEX('Travel Matrix'!$D$7:$GT$205,MATCH(INDEX('Inputs (detail)'!$E$17:$E$19,MATCH('Transport Calcs'!$B46,'Inputs (detail)'!$B$17:$B$19,0)),'Travel Matrix'!$C$7:$C$205,0),MATCH('Inputs (detail)'!$E$16,'Travel Matrix'!$D$6:$GT$6,0))>Assumptions!$E$37,IF(C$44="Plane (Economy)",Assumptions!$E$35,Assumptions!$E$36),IF(C$44="Plane (Economy)",Assumptions!$E$33,Assumptions!$E$34)),0) -> 0 | D46: =IFERROR(INDEX('Travel Matrix'!$D$7:$GT$205,MATCH(INDEX('Inputs (detail)'!$E$17:$E$19,MATCH('Transport Calcs'!$B46,'Inputs (detail)'!$B$17:$B$19,0)),'Travel Matrix'!$C$7:$C$205,0),MATCH('Inputs (detail)'!$E$16,'Travel Matrix'!$D$6:$GT$6,0))*IF(INDEX('Travel Matrix'!$D$7:$GT$205,MATCH(INDEX('Inputs (detail)'!$E$17:$E$19,MATCH('Transport Calcs'!$B46,'Inputs (detail)'!$B$17:$B$19,0)),'Travel Matrix'!$C$7:$C$205,0),MATCH('Inputs (detail)'!$E$16,'Travel Matrix'!$D$6:$GT$6,0))>Assumptions!$E$37,IF(D$44="Plane (Economy)",Assumptions!$E$35,Assumptions!$E$36),IF(D$44="Plane (Economy)",Assumptions!$E$33,Assumptions!$E$34)),0) -> 0 | E46: =IFERROR(INDEX('Travel Matrix'!$D$7:$GT$205,MATCH(INDEX('Inputs (detail)'!$E$17:$E$19,MATCH('Transport Calcs'!$B46,'Inputs (detail)'!$B$17:$B$19,0)),'Travel Matrix'!$C$7:$C$205,0),MATCH('Inputs (detail)'!$E$16,'Travel Matrix'!$D$6:$GT$6,0))*Assumptions!$E$38,0) -> 0 | F46: =IFERROR(INDEX('Travel Matrix'!$D$7:$GT$205,MATCH(INDEX('Inputs (detail)'!$E$17:$E$19,MATCH('Transport Calcs'!$B46,'Inputs (detail)'!$B$17:$B$19,0)),'Travel Matrix'!$C$7:$C$205,0),MATCH('Inputs (detail)'!$E$16,'Travel Matrix'!$D$6:$GT$6,0))*Assumptions!$E$31,0) -> 0 | G46: =IFERROR(INDEX('Travel Matrix'!$D$7:$GT$205,MATCH(INDEX('Inputs (detail)'!$E$17:$E$19,MATCH('Transport Calcs'!$B46,'Inputs (detail)'!$B$17:$B$19,0)),'Travel Matrix'!$C$7:$C$205,0),MATCH('Inputs (detail)'!$E$16,'Travel Matrix'!$D$6:$GT$6,0))*Assumptions!$E$32,0) -> 0
B47: Arbitrator 3 | C47: =IFERROR(INDEX('Travel Matrix'!$D$7:$GT$205,MATCH(INDEX('Inputs (detail)'!$E$17:$E$19,MATCH('Transport Calcs'!$B47,'Inputs (detail)'!$B$17:$B$19,0)),'Travel Matrix'!$C$7:$C$205,0),MATCH('Inputs (detail)'!$E$16,'Travel Matrix'!$D$6:$GT$6,0))*IF(INDEX('Travel Matrix'!$D$7:$GT$205,MATCH(INDEX('Inputs (detail)'!$E$17:$E$19,MATCH('Transport Calcs'!$B47,'Inputs (detail)'!$B$17:$B$19,0)),'Travel Matrix'!$C$7:$C$205,0),MATCH('Inputs (detail)'!$E$16,'Travel Matrix'!$D$6:$GT$6,0))>Assumptions!$E$37,IF(C$44="Plane (Economy)",Assumptions!$E$35,Assumptions!$E$36),IF(C$44="Plane (Economy)",Assumptions!$E$33,Assumptions!$E$34)),0) -> 254.19535 | D47: =IFERROR(INDEX('Travel Matrix'!$D$7:$GT$205,MATCH(INDEX('Inputs (detail)'!$E$17:$E$19,MATCH('Transport Calcs'!$B47,'Inputs (detail)'!$B$17:$B$19,0)),'Travel Matrix'!$C$7:$C$205,0),MATCH('Inputs (detail)'!$E$16,'Travel Matrix'!$D$6:$GT$6,0))*IF(INDEX('Travel Matrix'!$D$7:$GT$205,MATCH(INDEX('Inputs (detail)'!$E$17:$E$19,MATCH('Transport Calcs'!$B47,'Inputs (detail)'!$B$17:$B$19,0)),'Travel Matrix'!$C$7:$C$205,0),MATCH('Inputs (detail)'!$E$16,'Travel Matrix'!$D$6:$GT$6,0))>Assumptions!$E$37,IF(D$44="Plane (Economy)",Assumptions!$E$35,Assumptions!$E$36),IF(D$44="Plane (Economy)",Assumptions!$E$33,Assumptions!$E$34)),0) -> 381.29142 | E47: =IFERROR(INDEX('Travel Matrix'!$D$7:$GT$205,MATCH(INDEX('Inputs (detail)'!$E$17:$E$19,MATCH('Transport Calcs'!$B47,'Inputs (detail)'!$B$17:$B$19,0)),'Travel Matrix'!$C$7:$C$205,0),MATCH('Inputs (detail)'!$E$16,'Travel Matrix'!$D$6:$GT$6,0))*Assumptions!$E$38,0) -> 27.746577 | F47: =IFERROR(INDEX('Travel Matrix'!$D$7:$GT$205,MATCH(INDEX('Inputs (detail)'!$E$17:$E$19,MATCH('Transport Calcs'!$B47,'Inputs (detail)'!$B$17:$B$19,0)),'Travel Matrix'!$C$7:$C$205,0),MATCH('Inputs (detail)'!$E$16,'Travel Matrix'!$D$6:$GT$6,0))*Assumptions!$E$31,0) -> 209.76302 | G47: =IFERROR(INDEX('Travel Matrix'!$D$7:$GT$205,MATCH(INDEX('Inputs (detail)'!$E$17:$E$19,MATCH('Transport Calcs'!$B47,'Inputs (detail)'!$B$17:$B$19,0)),'Travel Matrix'!$C$7:$C$205,0),MATCH('Inputs (detail)'!$E$16,'Travel Matrix'!$D$6:$GT$6,0))*Assumptions!$E$32,0) -> 76.169136

Sheet Emissions Calcs
B2: Emissions Calculator
B4: Notes
B6: No values on this sheet should be edited. All values should be linked back to "User Inputs".
B8: Scope 2 Emissions (kgCO2e) | C8: Pre-Arbitration
B10: Claimant
B11: Printing (Claimant location) | C11: ='Inputs (detail)'!D$34*'Inputs (detail)'!D$33*'Inputs (detail)'!D35*Assumptions!$E$11*_xlfn.XLOOKUP('Inputs (detail)'!$D10,'Electricity Emissions'!$A:$A,'Electricity Emissions'!$B:$B) -> 0.0020648395
B12: Printing (Counsel location) | C12: ='Inputs (detail)'!D$34*'Inputs (detail)'!D$33*'Inputs (detail)'!D36*Assumptions!$E$11*_xlfn.XLOOKUP('Inputs (detail)'!$D11,'Electricity Emissions'!$A:$A,'Electricity Emissions'!$B:$B) -> 0.0011692285
B13: Printing (Expert location) | C13: ='Inputs (detail)'!D$34*'Inputs (detail)'!D$33*'Inputs (detail)'!D37*Assumptions!$E$11*_xlfn.XLOOKUP('Inputs (detail)'!$D12,'Electricity Emissions'!$A:$A,'Electricity Emissions'!$B:$B) -> 0.00084356456
B14: Printing (Hearing location) | C14: ='Inputs (detail)'!D$34*'Inputs (detail)'!D$33*'Inputs (detail)'!D38*Assumptions!$E$11*_xlfn.XLOOKUP('Inputs (detail)'!$D13,'Electricity Emissions'!$A:$A,'Electricity Emissions'!$B:$B) -> 0
B15: Emails | C15: ='Inputs (detail)'!D39*Assumptions!$E$21 -> 3.6
B16: Computer use | C16: =SUM('Inputs (detail)'!D29:D31)*Assumptions!E17*'User Inputs'!D22*Assumptions!E19 -> 208.8
B18: Respondent
B19: Printing (Respondent location) | C19: ='Inputs (detail)'!D$73*'Inputs (detail)'!D$72*SUM('Inputs (detail)'!D$68:D$70)*'Inputs (detail)'!D74*Assumptions!$E$11*_xlfn.XLOOKUP('Inputs (detail)'!$D13,'Electricity Emissions'!$A:$A,'Electricity Emissions'!$B:$B) -> 0.01150134
B20: Printing (Counsel location) | C20: ='Inputs (detail)'!D$73*'Inputs (detail)'!D$72*SUM('Inputs (detail)'!D$68:D$70)*'Inputs (detail)'!D75*Assumptions!$E$11*_xlfn.XLOOKUP('Inputs (detail)'!$D14,'Electricity Emissions'!$A:$A,'Electricity Emissions'!$B:$B) -> 0.034413992
B21: Printing (Expert location) | C21: ='Inputs (detail)'!D$73*'Inputs (detail)'!D$72*SUM('Inputs (detail)'!D$68:D$70)*'Inputs (detail)'!D76*Assumptions!$E$11*_xlfn.XLOOKUP('Inputs (detail)'!$D15,'Electricity Emissions'!$A:$A,'Electricity Emissions'!$B:$B) -> 0.012653468
B22: Printing (Hearing location) | C22: ='Inputs (detail)'!D$73*'Inputs (detail)'!D$72*SUM('Inputs (detail)'!D$68:D$70)*'Inputs (detail)'!D77*Assumptions!$E$11*_xlfn.XLOOKUP('Inputs (detail)'!$D16,'Electricity Emissions'!$A:$A,'Electricity Emissions'!$B:$B) -> 0
B23: Emails | C23: ='Inputs (detail)'!D78*Assumptions!$E$21 -> 4
B24: Computer Use | C24: =SUM('Inputs (detail)'!D68:D70)*Assumptions!E17*'User Inputs'!D22*Assumptions!E19 -> 232
B27: Scope 3 Emissions (kgCO2e) | C27: Pre-Arbitration
B29: Claimant
B30: Printing (Claimant location) - WTT | C30: ='Inputs (detail)'!D$34*'Inputs (detail)'!D$33*SUM('Inputs (detail)'!D$29:'Inputs (detail)'!D$31)*'Inputs (detail)'!D35*Assumptions!$E$11*_xlfn.XLOOKUP('Inputs (detail)'!$D10,'Electricity Emissions'!$A:$A,'Electricity Emissions'!$B:$B) -> 0.018583556
B31: Printing (Counsel location) - WTT | C31: ='Inputs (detail)'!D$34*'Inputs (detail)'!D$33*SUM('Inputs (detail)'!D$29:'Inputs (detail)'!D$31)*'Inputs (detail)'!D36*Assumptions!$E$11*_xlfn.XLOOKUP('Inputs (detail)'!$D11,'Electricity Emissions'!$A:$A,'Electricity Emissions'!$B:$B) -> 0.010523056
B32: Printing (Expert location) - WTT | C32: ='Inputs (detail)'!D$34*'Inputs (detail)'!D$33*SUM('Inputs (detail)'!D$29:'Inputs (detail)'!D$31)*'Inputs (detail)'!D37*Assumptions!$E$11*_xlfn.XLOOKUP('Inputs (detail)'!$D12,'Electricity Emissions'!$A:$A,'Electricity Emissions'!$B:$B) -> 0.007592081
B33: Printing (Hearing location) - WTT | C33: ='Inputs (detail)'!D$34*'Inputs (detail)'!D$33*SUM('Inputs (detail)'!D$29:'Inputs (detail)'!D$31)*'Inputs (detail)'!D38*Assumptions!$E$11*_xlfn.XLOOKUP('Inputs (detail)'!$D13,'Electricity Emissions'!$A:$A,'Electricity Emissions'!$B:$B) -> 0
B34: Emails - WTT | C34: ='Inputs (detail)'!D39*Assumptions!$E$21 -> 3.6
B35: Computer Use | C35: =SUM('Inputs (detail)'!D29:D31)*Assumptions!E17*'User Inputs'!D22*Assumptions!E20 -> 1183.2
B36: Notebooks | C36: ='Inputs (detail)'!D$40*(Assumptions!$E$27/1000)*(0.454) -> 3.7202135
B37: Pens and Pencils | C37: ='Inputs (detail)'!D$41*(10*Assumptions!$E$28/1000000) -> 0.55844073
B38: Cups | C38: ='Inputs (detail)'!D$42*Assumptions!$E$26 -> 0.1863
B40: Hotel stays at Claimant location | C40: =IFERROR(INDEX('List Selections'!$E$5:$H$205,MATCH('Inputs (detail)'!$D$10,'List Selections'!$B$5:$B$205,0),MATCH('Inputs (detail)'!D$48,'List Selections'!$E$4:$H$4,0)),INDEX('List Selections'!$E$5:$E$205,MATCH('Inputs (detail)'!$D$10,'List Selections'!$B$5:$B$205,0)))*'Inputs (detail)'!D$47*SUM('Inputs (detail)'!D$30:D$31) -> 318.95464
B41: Counsel transport to Claimant | C41: =IFERROR(INDEX('Transport Calcs'!$C$16:$G$24,MATCH($B41,'Transport Calcs'!$B$16:$B$24,0),MATCH('Inputs (detail)'!D49,'Transport Calcs'!$C$15:$G$15,0))*'Inputs (detail)'!D$30*'Inputs (detail)'!D$46*2,0) -> 472.88496
B42: Expert transport to Claimant | C42: =IFERROR(INDEX('Transport Calcs'!$C$16:$G$24,MATCH($B42,'Transport Calcs'!$B$16:$B$24,0),MATCH('Inputs (detail)'!D50,'Transport Calcs'!$C$15:$G$15,0))*'Inputs (detail)'!D$31*'Inputs (detail)'!D$46*2,0) -> 1992.8392
B44: Hotel stays at Counsel location | C44: =IFERROR(INDEX('List Selections'!$E$5:$H$205,MATCH('Inputs (detail)'!$D$11,'List Selections'!$B$5:$B$205,0),MATCH('Inputs (detail)'!D$53,'List Selections'!$E$4:$H$4,0)),INDEX('List Selections'!$E$5:$E$205,MATCH('Inputs (detail)'!$D$11,'List Selections'!$B$5:$B$205,0)))*'Inputs (detail)'!D$52*SUM('Inputs (detail)'!D$29,'Inputs (detail)'!D$31) -> 0
B45: Claimant transport to Counsel | C45: =IFERROR(INDEX('Transport Calcs'!$C$16:$G$24,MATCH($B45,'Transport Calcs'!$B$16:$B$24,0),MATCH('Inputs (detail)'!D54,'Transport Calcs'!$C$15:$G$15,0))*'Inputs (detail)'!D$29*'Inputs (detail)'!D$51*2,0) -> 0
B46: Expert transport to Counsel | C46: =IFERROR(INDEX('Transport Calcs'!$C$16:$G$24,MATCH($B46,'Transport Calcs'!$B$16:$B$24,0),MATCH('Inputs (detail)'!D55,'Transport Calcs'!$C$15:$G$15,0))*'Inputs (detail)'!D$31*'Inputs (detail)'!D$51*2,0) -> 0
B48: Hotel stays at Expert location | C48: =IFERROR(INDEX('List Selections'!$E$5:$H$205,MATCH('Inputs (detail)'!$D$12,'List Selections'!$B$5:$B$205,0),MATCH('Inputs (detail)'!D$58,'List Selections'!$E$4:$H$4,0)),INDEX('List Selections'!$E$5:$E$205,MATCH('Inputs (detail)'!$D$12,'List Selections'!$B$5:$B$205,0)))*'Inputs (detail)'!D$57*SUM('Inputs (detail)'!D$29:D$30) -> 408.3855
B49: Claimant transport to Expert | C49: =IFERROR(INDEX('Transport Calcs'!$C$16:$G$24,MATCH($B49,'Transport Calcs'!$B$16:$B$24,0),MATCH('Inputs (detail)'!D59,'Transport Calcs'!$C$15:$G$15,0))*'Inputs (detail)'!D$29*'Inputs (detail)'!D$56*2,0) -> 1494.6294
B50: Counsel transport to Expert | C50: =IFERROR(INDEX('Transport Calcs'!$C$16:$G$24,MATCH($B50,'Transport Calcs'!$B$16:$B$24,0),MATCH('Inputs (detail)'!D60,'Transport Calcs'!$C$15:$G$15,0))*'Inputs (detail)'!D$30*'Inputs (detail)'!D$56*2,0) -> 201.65585
B52: Hotel stays at Hearing | C52: =IF('Inputs (detail)'!D23="Yes",0,IFERROR(INDEX('List Selections'!$E$5:$H$205,MATCH('Inputs (detail)'!$D$16,'List Selections'!$B$5:$B$205,0),MATCH('Inputs (detail)'!D$62,'List Selections'!$E$4:$H$4,0)),INDEX('List Selections'!$E$5:$E$205,MATCH('Inputs (detail)'!$D$16,'List Selections'!$B$5:$B$205,0)))*'Inputs (detail)'!D$22*SUM('Inputs (detail)'!D29:D31)) -> 699.9398
B53: Claimant transport to Hearing | C53: =IF('Inputs (detail)'!D23="Yes",0,IFERROR(INDEX('Transport Calcs'!$C$16:$G$24,MATCH($B53,'Transport Calcs'!$B$16:$B$24,0),MATCH('Inputs (detail)'!D63,'Transport Calcs'!$C$15:$G$15,0))*'Inputs (detail)'!D29*2,0)) -> 1143.017
B54: Counsel transport to Hearing | C54: =IF('Inputs (detail)'!D23="Yes",0,IFERROR(INDEX('Transport Calcs'!$C$16:$G$24,MATCH($B54,'Transport Calcs'!$B$16:$B$24,0),MATCH('Inputs (detail)'!D64,'Transport Calcs'!$C$15:$G$15,0))*'Inputs (detail)'!D30*2,0)) -> 162.98916
B55: Expert transport to Hearing | C55: =IF('Inputs (detail)'!D23="Yes",0,IFERROR(INDEX('Transport Calcs'!$C$16:$G$24,MATCH($B55,'Transport Calcs'!$B$16:$B$24,0),MATCH('Inputs (detail)'!D65,'Transport Calcs'!$C$15:$G$15,0))*'Inputs (detail)'!D31*2,0)) -> 391.07971
B57: Data storage (total) | C57: ='Inputs (detail)'!D44*(Assumptions!$E$22+Assumptions!$E$23)*(_xlfn.XLOOKUP('Inputs (detail)'!$D10,'Electricity Emissions'!$A:$A,'Electricity Emissions'!$B:$B)+_xlfn.XLOOKUP('Inputs (detail)'!$D11,'Electricity Emissions'!$A:$A,'Electricity Emissions'!$B:$B)+_xlfn.XLOOKUP('Inputs (detail)'!$D12,'Electricity Emissions'!$A:$A,'Electricity Emissions'!$B:$B)) -> 35.073255
B59: Respondent
B60: Printing (Respondent location) - WTT | C60: ='Inputs (detail)'!D$73*'Inputs (detail)'!D$72*SUM('Inputs (detail)'!D$68:D$70)*'Inputs (detail)'!D74*Assumptions!$E$11*_xlfn.XLOOKUP('Inputs (detail)'!$D13,'Electricity Emissions'!$A:$A,'Electricity Emissions'!$B:$B) -> 0.01150134
B61: Printing (Counsel location) - WTT | C61: ='Inputs (detail)'!D$73*'Inputs (detail)'!D$72*SUM('Inputs (detail)'!D$68:D$70)*'Inputs (detail)'!D75*Assumptions!$E$11*_xlfn.XLOOKUP('Inputs (detail)'!$D14,'Electricity Emissions'!$A:$A,'Electricity Emissions'!$B:$B) -> 0.034413992
B62: Printing (Expert location) - WTT | C62: ='Inputs (detail)'!D$73*'Inputs (detail)'!D$72*SUM('Inputs (detail)'!D$68:D$70)*'Inputs (detail)'!D76*Assumptions!$E$11*_xlfn.XLOOKUP('Inputs (detail)'!$D15,'Electricity Emissions'!$A:$A,'Electricity Emissions'!$B:$B) -> 0.012653468
B63: Printing (Hearing location) - WTT | C63: ='Inputs (detail)'!D$73*'Inputs (detail)'!D$72*SUM('Inputs (detail)'!D$68:D$70)*'Inputs (detail)'!D77*Assumptions!$E$11*_xlfn.XLOOKUP('Inputs (detail)'!$D16,'Electricity Emissions'!$A:$A,'Electricity Emissions'!$B:$B) -> 0
B64: Emails - WTT | C64: ='Inputs (detail)'!D78*Assumptions!$E$21 -> 4
B65: Computer Use | C65: =SUM('Inputs (detail)'!D68:D70)*'User Inputs'!D22*Assumptions!E17*Assumptions!E20 -> 1314.6667
B66: Notebooks | C66: ='Inputs (detail)'!D$79*(Assumptions!$E$27/1000)*(0.454) -> 4.1335706
B67: Pens and Pencils | C67: ='Inputs (detail)'!D$80*(10*Assumptions!$E$28/1000000) -> 0.6204897
B68: Cups | C68: ='Inputs (detail)'!D$81*Assumptions!$E$26 -> 1.8792
B70: Hotel stays at Respondent location | C70: =IFERROR(INDEX('List Selections'!$E$5:$H$205,MATCH('Inputs (detail)'!$D$13,'List Selections'!$B$5:$B$205,0),MATCH('Inputs (detail)'!D$87,'List Selections'!$E$4:$H$4,0)),INDEX('List Selections'!$E$5:$E$205,MATCH('Inputs (detail)'!$D$13,'List Selections'!$B$5:$B$205,0)))*'Inputs (detail)'!D$86*SUM('Inputs (detail)'!D$69:D$70) -> 3469.1098
B71: Counsel transport to Respondent | C71: =IFERROR(INDEX('Transport Calcs'!$C$34:$G$42,MATCH($B71,'Transport Calcs'!$B$34:$B$42,0),MATCH('Inputs (detail)'!D88,'Transport Calcs'!$C$33:$G$33,0))*'Inputs (detail)'!D$69*'Inputs (detail)'!D$85*2,0) -> 103.41353
B72: Expert transport to Respondent | C72: =IFERROR(INDEX('Transport Calcs'!$C$34:$G$42,MATCH($B72,'Transport Calcs'!$B$34:$B$42,0),MATCH('Inputs (detail)'!D89,'Transport Calcs'!$C$33:$G$33,0))*'Inputs (detail)'!D$69*'Inputs (detail)'!D$85*2,0) -> 2591.1841
B74: Hotel stays at Counsel location | C74: =IFERROR(INDEX('List Selections'!$E$5:$H$205,MATCH('Inputs (detail)'!$D$14,'List Selections'!$B$5:$B$205,0),MATCH('Inputs (detail)'!D$92,'List Selections'!$E$4:$H$4,0)),INDEX('List Selections'!$E$5:$E$205,MATCH('Inputs (detail)'!$D$14,'List Selections'!$B$5:$B$205,0)))*'Inputs (detail)'!D$91*SUM('Inputs (detail)'!D$68,'Inputs (detail)'!D$70) -> 1594.7732
B75: Respondent transport to Counsel | C75: =IFERROR(INDEX('Transport Calcs'!$C$34:$G$42,MATCH($B75,'Transport Calcs'!$B$34:$B$42,0),MATCH('Inputs (detail)'!D93,'Transport Calcs'!$C$33:$G$33,0))*'Inputs (detail)'!D$68*'Inputs (detail)'!D$91*2,0) -> 744.57743
B76: Expert transport to Counsel | C76: =IFERROR(INDEX('Transport Calcs'!$C$34:$G$42,MATCH($B76,'Transport Calcs'!$B$34:$B$42,0),MATCH('Inputs (detail)'!D94,'Transport Calcs'!$C$33:$G$33,0))*'Inputs (detail)'!D$70*'Inputs (detail)'!D$91*2,0) -> 18652.113
B78: Hotel stays at Expert location | C78: =IFERROR(INDEX('List Selections'!$E$5:$H$205,MATCH('Inputs (detail)'!$D$15,'List Selections'!$B$5:$B$205,0),MATCH('Inputs (detail)'!D$97,'List Selections'!$E$4:$H$4,0)),INDEX('List Selections'!$E$5:$E$205,MATCH('Inputs (detail)'!$D$15,'List Selections'!$B$5:$B$205,0)))*'Inputs (detail)'!D$96*SUM('Inputs (detail)'!D$68:D$69) -> 2041.9275
B79: Respondent transport to Expert | C79: =IFERROR(INDEX('Transport Calcs'!$C$34:$G$42,MATCH($B79,'Transport Calcs'!$B$34:$B$42,0),MATCH('Inputs (detail)'!D98,'Transport Calcs'!$C$33:$G$33,0))*'Inputs (detail)'!D$68*'Inputs (detail)'!D$96*2,0) -> 377.12094
B80: Counsel transport to Expert | C80: =IFERROR(INDEX('Transport Calcs'!$C$34:$G$42,MATCH($B80,'Transport Calcs'!$B$34:$B$42,0),MATCH('Inputs (detail)'!D99,'Transport Calcs'!$C$33:$G$33,0))*'Inputs (detail)'!D$69*'Inputs (detail)'!D$96*2,0) -> 628.38624
B82: Hotel stays at Hearing | C82: =IF('Inputs (detail)'!D23="Yes",0,IFERROR(INDEX('List Selections'!$E$5:$H$205,MATCH('Inputs (detail)'!$D$16,'List Selections'!$B$5:$B$205,0),MATCH('Inputs (detail)'!D$101,'List Selections'!$E$4:$H$4,0)),INDEX('List Selections'!$E$5:$E$205,MATCH('Inputs (detail)'!$D$16,'List Selections'!$B$5:$B$205,0)))*'Inputs (detail)'!D$22*SUM('Inputs (detail)'!D68:D70)) -> 777.71089
B83: Respondent transport to Hearing | C83: =IF('Inputs (detail)'!D23="Yes",0,IFERROR(INDEX('Transport Calcs'!$C$34:$G$42,MATCH($B83,'Transport Calcs'!$B$34:$B$42,0),MATCH('Inputs (detail)'!D102,'Transport Calcs'!$C$33:$G$33,0))*'Inputs (detail)'!D68*2,0)) -> 50.158985
B84: Counsel transport to Hearing | C84: =IF('Inputs (detail)'!D23="Yes",0,IFERROR(INDEX('Transport Calcs'!$C$34:$G$42,MATCH($B84,'Transport Calcs'!$B$34:$B$42,0),MATCH('Inputs (detail)'!D103,'Transport Calcs'!$C$33:$G$33,0))*'Inputs (detail)'!D69*2,0)) -> 100.35129
B85: Expert transport to Hearing | C85: =IF('Inputs (detail)'!D23="Yes",0,IFERROR(INDEX('Transport Calcs'!$C$34:$G$42,MATCH($B85,'Transport Calcs'!$B$34:$B$42,0),MATCH('Inputs (detail)'!D104,'Transport Calcs'!$C$33:$G$33,0))*'Inputs (detail)'!D70*2,0)) -> 586.61957
B87: Data storage (total) | C87: ='Inputs (detail)'!D83*(Assumptions!$E$22+Assumptions!$E$23)*(_xlfn.XLOOKUP('Inputs (detail)'!$D13,'Electricity Emissions'!$A:$A,'Electricity Emissions'!$B:$B)+_xlfn.XLOOKUP('Inputs (detail)'!$D14,'Electricity Emissions'!$A:$A,'Electricity Emissions'!$B:$B)+_xlfn.XLOOKUP('Inputs (detail)'!$D15,'Electricity Emissions'!$A:$A,'Electricity Emissions'!$B:$B)) -> 42.145079
B89: Tribunal
B90: Travel
B91: Arbitrator 1 | C91: =IFERROR(IF('Inputs (detail)'!$D$23="Yes",0,INDEX('Transport Calcs'!$C$45:$G$47,MATCH(B91,'Transport Calcs'!$B$45:$B$47,0),MATCH('Inputs (detail)'!$F17,'Transport Calcs'!$C$44:$G$44,0))),0) -> 65.180227
B92: Arbitrator 2 | C92: =IFERROR(IF('Inputs (detail)'!$D$23="Yes",0,INDEX('Transport Calcs'!$C$45:$G$47,MATCH(B92,'Transport Calcs'!$B$45:$B$47,0),MATCH('Inputs (detail)'!$F18,'Transport Calcs'!$C$44:$G$44,0))),0) -> 0
B93: Arbitrator 3 | C93: =IFERROR(IF('Inputs (detail)'!$D$23="Yes",0,INDEX('Transport Calcs'!$C$45:$G$47,MATCH(B93,'Transport Calcs'!$B$45:$B$47,0),MATCH('Inputs (detail)'!$F19,'Transport Calcs'!$C$44:$G$44,0))),0) -> 381.29142
B94: Hotel
B95: Arbitrator 1 Hotel | C95: =IF('Inputs (detail)'!D23="Yes",0,IFERROR(INDEX('List Selections'!$E$5:$H$205,MATCH('Inputs (detail)'!$D$16,'List Selections'!$B$5:$B$205,0),MATCH('Inputs (detail)'!$G17,'List Selections'!$E$4:$H$4,0)),INDEX('List Selections'!$E$5:$E$205,MATCH('Inputs (detail)'!$D$16,'List Selections'!$B$5:$B$205,0)))*'Inputs (detail)'!$D$22) -> 77.771089
B96: Arbitrator 2 Hotel | C96: =IF('Inputs (detail)'!D23="Yes",0,IFERROR(INDEX('List Selections'!$E$5:$H$205,MATCH('Inputs (detail)'!$D$16,'List Selections'!$B$5:$B$205,0),MATCH('Inputs (detail)'!$G18,'List Selections'!$E$4:$H$4,0)),INDEX('List Selections'!$E$5:$E$205,MATCH('Inputs (detail)'!$D$16,'List Selections'!$B$5:$B$205,0)))*'Inputs (detail)'!$D$22) -> 77.771089
B97: Arbitrator 3 Hotel | C97: =IF('Inputs (detail)'!D23="Yes",0,IFERROR(INDEX('List Selections'!$E$5:$H$205,MATCH('Inputs (detail)'!$D$16,'List Selections'!$B$5:$B$205,0),MATCH('Inputs (detail)'!$G19,'List Selections'!$E$4:$H$4,0)),INDEX('List Selections'!$E$5:$E$205,MATCH('Inputs (detail)'!$D$16,'List Selections'!$B$5:$B$205,0)))*'Inputs (detail)'!$D$22) -> 18.830135
B98: Printing and email scope 2
B99: Arbitrator 1 | C99: ='Inputs (detail)'!$D$34*'Inputs (detail)'!$D$33*Assumptions!$E$11*_xlfn.XLOOKUP('Inputs (detail)'!$D17,'Electricity Emissions'!$A:$A,'Electricity Emissions'!$B:$B) -> 0.0037960405
B100: Arbitrator 2 | C100: ='Inputs (detail)'!$D$34*'Inputs (detail)'!$D$33*Assumptions!$E$11*_xlfn.XLOOKUP('Inputs (detail)'!$D18,'Electricity Emissions'!$A:$A,'Electricity Emissions'!$B:$B) -> 0.00079522353
B101: Arbitrator 3 | C101: ='Inputs (detail)'!$D$34*'Inputs (detail)'!$D$33*Assumptions!$E$11*_xlfn.XLOOKUP('Inputs (detail)'!$D19,'Electricity Emissions'!$A:$A,'Electricity Emissions'!$B:$B) -> 0.011069682
B102: Printing and email scope 3
B103: Arbitrator 1 | C103: ='Inputs (detail)'!$D$34*'Inputs (detail)'!$D$33*Assumptions!$E$11*Assumptions!$E$12*_xlfn.XLOOKUP('Inputs (detail)'!$D17,'Electricity Emissions'!$A:$A,'Electricity Emissions'!$B:$B) -> 0.0017423826
B104: Arbitrator 2 | C104: ='Inputs (detail)'!$D$34*'Inputs (detail)'!$D$33*Assumptions!$E$11*Assumptions!$E$12*_xlfn.XLOOKUP('Inputs (detail)'!$D18,'Electricity Emissions'!$A:$A,'Electricity Emissions'!$B:$B) -> 0.0003650076
B105: Arbitrator 3 | C105: ='Inputs (detail)'!$D$34*'Inputs (detail)'!$D$33*Assumptions!$E$11*Assumptions!$E$12*_xlfn.XLOOKUP('Inputs (detail)'!$D19,'Electricity Emissions'!$A:$A,'Electricity Emissions'!$B:$B) -> 0.0050809843
B106: Computer Use Scope 2
B107: All Arbitrators | C107: =Assumptions!E17*'User Inputs'!D22*Assumptions!E19*3 -> 69.6
B108: Computer use scope 3
B109: All Arbitrators | C109: =Assumptions!E17*'User Inputs'!D22*Assumptions!E20*3 -> 394.4
B110: Data Storage Scope 3
B111: Arbitrator 1 | C111: ='Inputs (detail)'!D107*(Assumptions!$E$22+Assumptions!$E$23)*(_xlfn.XLOOKUP('Inputs (detail)'!$D17,'Electricity Emissions'!$A:$A,'Electricity Emissions'!$B:$B)) -> 10.548775
B112: Arbitrator 2 | C112: ='Inputs (detail)'!D108*(Assumptions!$E$22+Assumptions!$E$23)*(_xlfn.XLOOKUP('Inputs (detail)'!$D18,'Electricity Emissions'!$A:$A,'Electricity Emissions'!$B:$B)) -> 2.2098378
B113: Arbitrator 3 | C113: ='Inputs (detail)'!D109*(Assumptions!$E$22+Assumptions!$E$23)*(_xlfn.XLOOKUP('Inputs (detail)'!$D19,'Electricity Emissions'!$A:$A,'Electricity Emissions'!$B:$B)) -> 30.761418
B114: Material used Scope 3
B115: All Arbitrators | C115: =(SUM(C66:C68,C36:C38)/SUM('Inputs (detail)'!D29:D31,'Inputs (detail)'!D68:D70))*3 -> 1.7523497 | D115: Assuming the average of all team members from Claimant's and Respondent's side

Sheet List Selections
B2: List Selections
B4: Country List | C4: City List | D4: Hotel Mapping | E4: =J9 -> 5 | F4: =J6 -> 2 | G4: =J7 -> 3 | H4: =J8 -> 4 | I4: Modes of Transport | J4: Hotel
B5: Afghanistan | C5: Kabul | D5: =_xlfn.IFNA(INDEX($M$19:$M$149,MATCH(B5,$L$19:$L$149,0)),B5) -> Kazakhstan | E5: =INDEX('Hotel Emissions'!$G:$G,MATCH(D5,'Hotel Emissions'!$C:$C,0)) -> 75.344262 | F5: =IF(INDEX('Hotel Emissions'!$O:$O,MATCH(D5,'Hotel Emissions'!$C:$C,0))="",INDEX('Hotel Emissions'!$T:$T,MATCH(D5,'Hotel Emissions'!$C:$C,0)),INDEX('Hotel Emissions'!$O:$O,MATCH(D5,'Hotel Emissions'!$C:$C,0))) -> 16.910411 | G5: =IF(INDEX('Hotel Emissions'!$X:$X,MATCH(D5,'Hotel Emissions'!$C:$C,0))="",INDEX('Hotel Emissions'!$AC:$AC,MATCH(D5,'Hotel Emissions'!$C:$C,0)),INDEX('Hotel Emissions'!$X:$X,MATCH(D5,'Hotel Emissions'!$C:$C,0))) -> 41.238181 | H5: =IF(INDEX('Hotel Emissions'!AG:$AG,MATCH(D5,'Hotel Emissions'!$C:$C,0))="",INDEX('Hotel Emissions'!$AL:$AL,MATCH(D5,'Hotel Emissions'!$C:$C,0)),INDEX('Hotel Emissions'!$AG:$AG,MATCH(D5,'Hotel Emissions'!$C:$C,0))) -> 94.792983 | I5: ="-" -> - | J5: ="-" -> - | L5: {=TRANSPOSE(_xlfn._xlws.SORT(_xlfn.UNIQUE($B$5:$B$205)))} -> Afghanistan | M5: Algeria | N5: Andorra | O5: Angola | P5: Antigua and Barbuda | Q5: Argentina | R5: Armenia | S5: Australia | T5: Austria | U5: Azerbaijan | V5: Bahamas | W5: Bahrain | X5: Bangladesh | Y5: Barbados | Z5: Belarus | AA5: Belgium | AB5: Belize | AC5: Benin | AD5: Bhutan | AE5: Bolivia | AF5: Bosnia and Herzegovina | AG5: Botswana | AH5: Brazil | AI5: Brunei | AJ5: Bulgaria | AK5: Burkina Faso | AL5: Burundi | AM5: Cabo Verde | AN5: Cambodia | AO5: Cameroon | AP5: Canada | AQ5: Central African Republic | AR5: Chad | AS5: Chile | AT5: China | AU5: Colombia | AV5: Comoros | AW5: Congo | AX5: Costa Rica | AY5: Côte d'Ivoire | AZ5: Croatia | BA5: Cuba | BB5: Cyprus | BC5: Czechia | BD5: Denmark | BE5: Djibouti | BF5: Dominica | BG5: Dominican Republic | BH5: DR Congo | BI5: Ecuador | BJ5: Egypt | BK5: El Salvador | BL5: Equatorial Guinea | BM5: Eritrea | BN5: Estonia | BO5: Eswatini | BP5: Ethiopia | BQ5: Finland | BR5: France | BS5: Gabon | BT5: Gambia | BU5: Georgia | BV5: Germany | BW5: Ghana | BX5: Greece | BY5: Grenada | BZ5: Guatemala | CA5: Guinea | CB5: Guinea-Bissau | CC5: Guyana | CD5: Haiti | CE5: Honduras | CF5: Hungary | CG5: Iceland | CH5: India | CI5: Indonesia | CJ5: Iran | CK5: Iraq | CL5: Ireland | CM5: Israel | CN5: Italy | CO5: Jamaica | CP5: Japan | CQ5: Jordan | CR5: Kazakhstan | CS5: Kenya | CT5: Kuwait | CU5: Kyrgyzstan | CV5: Laos | CW5: Latvia | CX5: Lebanon | CY5: Lesotho | CZ5: Liberia | DA5: Libya | DB5: Liechtenstein | DC5: Lithuania | DD5: Luxembourg | DE5: Madagascar | DF5: Malawi | DG5: Malaysia | DH5: Maldives | DI5: Mali | DJ5: Malta | DK5: Mauritania | DL5: Mauritius | DM5: Mexico | DN5: Moldova | DO5: Monaco | DP5: Mongolia | DQ5: Montenegro | DR5: Morocco | DS5: Mozambique | DT5: Myanmar | DU5: Namibia | DV5: Nepal | DW5: Netherlands | DX5: New Zealand | DY5: Nicaragua | DZ5: Niger | EA5: Nigeria | EB5: North Korea | EC5: North Macedonia | ED5: Norway | EE5: Oman | EF5: Pakistan | EG5: Panama | EH5: Paraguay | EI5: Peru | EJ5: Philippines | EK5: Poland | EL5: Portugal | EM5: Qatar | EN5: Romania | EO5: Russia | EP5: Rwanda | EQ5: Saint Kitts and Nevis | ER5: Saint Lucia | ES5: Saint Vincent and the Grenadines | ET5: San Marino | EU5: Sao Tome & Principe | EV5: Saudi Arabia | EW5: Senegal | EX5: Serbia | EY5: Sierra Leone | EZ5: Singapore | FA5: Slovakia | FB5: Slovenia | FC5: Somalia | FD5: South Africa | FE5: South Korea | FF5: South Sudan | FG5: Spain | FH5: Sri Lanka | FI5: Sudan | FJ5: Suriname | FK5: Sweden | FL5: Switzerland | FM5: Syria | FN5: Taiwan | FO5: Tajikistan | FP5: Tanzania | FQ5: Thailand | FR5: Timor-Leste | FS5: Togo | FT5: Trinidad and Tobago | FU5: Tunisia | FV5: Turkey | FW5: Turkmenistan | FX5: Uganda | FY5: Ukraine | FZ5: United Arab Emirates | GA5: United Kingdom | GB5: United States | GC5: Uruguay | GD5: Uzbekistan | GE5: Venezuela | GF5: Vietnam | GG5: Yemen | GH5: Zambia | GI5: Zimbabwe
B6: Algeria | C6: Algiers | D6: =_xlfn.IFNA(INDEX($M$19:$M$149,MATCH(B6,$L$19:$L$149,0)),B6) -> Algeria | E6: =INDEX('Hotel Emissions'!$G:$G,MATCH(D6,'Hotel Emissions'!$C:$C,0)) -> 62.812598 | F6: =IF(INDEX('Hotel Emissions'!$O:$O,MATCH(D6,'Hotel Emissions'!$C:$C,0))="",INDEX('Hotel Emissions'!$T:$T,MATCH(D6,'Hotel Emissions'!$C:$C,0)),INDEX('Hotel Emissions'!$O:$O,MATCH(D6,'Hotel Emissions'!$C:$C,0))) -> 16.910411 | G6: =IF(INDEX('Hotel Emissions'!$X:$X,MATCH(D6,'Hotel Emissions'!$C:$C,0))="",INDEX('Hotel Emissions'!$AC:$AC,MATCH(D6,'Hotel Emissions'!$C:$C,0)),INDEX('Hotel Emissions'!$X:$X,MATCH(D6,'Hotel Emissions'!$C:$C,0))) -> 41.238181 | H6: =IF(INDEX('Hotel Emissions'!AG:$AG,MATCH(D6,'Hotel Emissions'!$C:$C,0))="",INDEX('Hotel Emissions'!$AL:$AL,MATCH(D6,'Hotel Emissions'!$C:$C,0)),INDEX('Hotel Emissions'!$AG:$AG,MATCH(D6,'Hotel Emissions'!$C:$C,0))) -> 94.792983 | I6: Plane (Economy) | J6: 2 | L6: {=_xlfn._xlws.SORT(_xlfn._xlws.FILTER($C$5:$C$205,$B$5:$B$205=L$5))} -> Kabul | M6: {=_xlfn._xlws.SORT(_xlfn._xlws.FILTER($C$5:$C$205,$B$5:$B$205=M$5))} -> Algiers | N6: {=_xlfn._xlws.SORT(_xlfn._xlws.FILTER($C$5:$C$205,$B$5:$B$205=N$5))} -> Andorra la Vella | O6: {=_xlfn._xlws.SORT(_xlfn._xlws.FILTER($C$5:$C$205,$B$5:$B$205=O$5))} -> Luanda | P6: {=_xlfn._xlws.SORT(_xlfn._xlws.FILTER($C$5:$C$205,$B$5:$B$205=P$5))} -> Saint John's | Q6: {=_xlfn._xlws.SORT(_xlfn._xlws.FILTER($C$5:$C$205,$B$5:$B$205=Q$5))} -> Buenos Aires | R6: {=_xlfn._xlws.SORT(_xlfn._xlws.FILTER($C$5:$C$205,$B$5:$B$205=R$5))} -> Yerevan | S6: {=_xlfn._xlws.SORT(_xlfn._xlws.FILTER($C$5:$C$205,$B$5:$B$205=S$5))} -> Canberra | ... GI6: {=_xlfn._xlws.SORT(_xlfn._xlws.FILTER($C$5:$C$205,$B$5:$B$205=GI$5))} -> Harare
B7: Andorra | C7: Andorra la Vella | D7: =_xlfn.IFNA(INDEX($M$19:$M$149,MATCH(B7,$L$19:$L$149,0)),B7) -> Switzerland | E7: =INDEX('Hotel Emissions'!$G:$G,MATCH(D7,'Hotel Emissions'!$C:$C,0)) -> 6.4944923 | F7: =IF(INDEX('Hotel Emissions'!$O:$O,MATCH(D7,'Hotel Emissions'!$C:$C,0))="",INDEX('Hotel Emissions'!$T:$T,MATCH(D7,'Hotel Emissions'!$C:$C,0)),INDEX('Hotel Emissions'!$O:$O,MATCH(D7,'Hotel Emissions'!$C:$C,0))) -> 3.9154587 | G7: =IF(INDEX('Hotel Emissions'!$X:$X,MATCH(D7,'Hotel Emissions'!$C:$C,0))="",INDEX('Hotel Emissions'!$AC:$AC,MATCH(D7,'Hotel Emissions'!$C:$C,0)),INDEX('Hotel Emissions'!$X:$X,MATCH(D7,'Hotel Emissions'!$C:$C,0))) -> 6.9640031 | H7: =IF(INDEX('Hotel Emissions'!AG:$AG,MATCH(D7,'Hotel Emissions'!$C:$C,0))="",INDEX('Hotel Emissions'!$AL:$AL,MATCH(D7,'Hotel Emissions'!$C:$C,0)),INDEX('Hotel Emissions'!$AG:$AG,MATCH(D7,'Hotel Emissions'!$C:$C,0))) -> 16.819134 | I7: Plane (Business) | J7: 3 | S7: Sydney | AH7: Sao Paulo | AO7: Yaounde | AP7: Toronto | AT7: Hong Kong | AW7: Kinshasa | BV7: Frankfurt | CH7: New Delhi | CN7: Rome | DX7: Wellington | EF7: Karachi | FD7: Pretoria | FG7: Madrid | FL7: Zurich | GB7: Los Angeles | GF7: Ho Chi Minh City
B8: Angola | C8: Luanda | D8: =_xlfn.IFNA(INDEX($M$19:$M$149,MATCH(B8,$L$19:$L$149,0)),B8) -> South Africa | E8: =INDEX('Hotel Emissions'!$G:$G,MATCH(D8,'Hotel Emissions'!$C:$C,0)) -> 103.55038 | F8: =IF(INDEX('Hotel Emissions'!$O:$O,MATCH(D8,'Hotel Emissions'!$C:$C,0))="",INDEX('Hotel Emissions'!$T:$T,MATCH(D8,'Hotel Emissions'!$C:$C,0)),INDEX('Hotel Emissions'!$O:$O,MATCH(D8,'Hotel Emissions'!$C:$C,0))) -> 16.910411 | G8: =IF(INDEX('Hotel Emissions'!$X:$X,MATCH(D8,'Hotel Emissions'!$C:$C,0))="",INDEX('Hotel Emissions'!$AC:$AC,MATCH(D8,'Hotel Emissions'!$C:$C,0)),INDEX('Hotel Emissions'!$X:$X,MATCH(D8,'Hotel Emissions'!$C:$C,0))) -> 66.543957 | H8: =IF(INDEX('Hotel Emissions'!AG:$AG,MATCH(D8,'Hotel Emissions'!$C:$C,0))="",INDEX('Hotel Emissions'!$AL:$AL,MATCH(D8,'Hotel Emissions'!$C:$C,0)),INDEX('Hotel Emissions'!$AG:$AG,MATCH(D8,'Hotel Emissions'!$C:$C,0))) -> 94.792983 | I8: Rail | J8: 4 | AT8: Macau | BV8: Munich | GB8: New York
B9: Antigua and Barbuda | C9: Saint John's | D9: =_xlfn.IFNA(INDEX($M$19:$M$149,MATCH(B9,$L$19:$L$149,0)),B9) -> Dominican Republic | E9: =INDEX('Hotel Emissions'!$G:$G,MATCH(D9,'Hotel Emissions'!$C:$C,0)) -> 49.703221 | F9: =IF(INDEX('Hotel Emissions'!$O:$O,MATCH(D9,'Hotel Emissions'!$C:$C,0))="",INDEX('Hotel Emissions'!$T:$T,MATCH(D9,'Hotel Emissions'!$C:$C,0)),INDEX('Hotel Emissions'!$O:$O,MATCH(D9,'Hotel Emissions'!$C:$C,0))) -> 16.910411 | G9: =IF(INDEX('Hotel Emissions'!$X:$X,MATCH(D9,'Hotel Emissions'!$C:$C,0))="",INDEX('Hotel Emissions'!$AC:$AC,MATCH(D9,'Hotel Emissions'!$C:$C,0)),INDEX('Hotel Emissions'!$X:$X,MATCH(D9,'Hotel Emissions'!$C:$C,0))) -> 41.238181 | H9: =IF(INDEX('Hotel Emissions'!AG:$AG,MATCH(D9,'Hotel Emissions'!$C:$C,0))="",INDEX('Hotel Emissions'!$AL:$AL,MATCH(D9,'Hotel Emissions'!$C:$C,0)),INDEX('Hotel Emissions'!$AG:$AG,MATCH(D9,'Hotel Emissions'!$C:$C,0))) -> 94.792983 | I9: Car (electric) | J9: 5 | AT9: Shanghai | GB9: Washington
B10: Argentina | C10: Buenos Aires | D10: =_xlfn.IFNA(INDEX($M$19:$M$149,MATCH(B10,$L$19:$L$149,0)),B10) -> Argentina | E10: =INDEX('Hotel Emissions'!$G:$G,MATCH(D10,'Hotel Emissions'!$C:$C,0)) -> 47.24198 | F10: =IF(INDEX('Hotel Emissions'!$O:$O,MATCH(D10,'Hotel Emissions'!$C:$C,0))="",INDEX('Hotel Emissions'!$T:$T,MATCH(D10,'Hotel Emissions'!$C:$C,0)),INDEX('Hotel Emissions'!$O:$O,MATCH(D10,'Hotel Emissions'!$C:$C,0))) -> 18.034723 | G10: =IF(INDEX('Hotel Emissions'!$X:$X,MATCH(D10,'Hotel Emissions'!$C:$C,0))="",INDEX('Hotel Emissions'!$AC:$AC,MATCH(D10,'Hotel Emissions'!$C:$C,0)),INDEX('Hotel Emissions'!$X:$X,MATCH(D10,'Hotel Emissions'!$C:$C,0))) -> 45.499477 | H10: =IF(INDEX('Hotel Emissions'!AG:$AG,MATCH(D10,'Hotel Emissions'!$C:$C,0))="",INDEX('Hotel Emissions'!$AL:$AL,MATCH(D10,'Hotel Emissions'!$C:$C,0)),INDEX('Hotel Emissions'!$AG:$AG,MATCH(D10,'Hotel Emissions'!$C:$C,0))) -> 94.792983 | J10: Not known
B11: Armenia | C11: Yerevan | D11: =_xlfn.IFNA(INDEX($M$19:$M$149,MATCH(B11,$L$19:$L$149,0)),B11) -> Georgia | E11: =INDEX('Hotel Emissions'!$G:$G,MATCH(D11,'Hotel Emissions'!$C:$C,0)) -> 28.639821 | F11: =IF(INDEX('Hotel Emissions'!$O:$O,MATCH(D11,'Hotel Emissions'!$C:$C,0))="",INDEX('Hotel Emissions'!$T:$T,MATCH(D11,'Hotel Emissions'!$C:$C,0)),INDEX('Hotel Emissions'!$O:$O,MATCH(D11,'Hotel Emissions'!$C:$C,0))) -> 16.910411 | G11: =IF(INDEX('Hotel Emissions'!$X:$X,MATCH(D11,'Hotel Emissions'!$C:$C,0))="",INDEX('Hotel Emissions'!$AC:$AC,MATCH(D11,'Hotel Emissions'!$C:$C,0)),INDEX('Hotel Emissions'!$X:$X,MATCH(D11,'Hotel Emissions'!$C:$C,0))) -> 41.238181 | H11: =IF(INDEX('Hotel Emissions'!AG:$AG,MATCH(D11,'Hotel Emissions'!$C:$C,0))="",INDEX('Hotel Emissions'!$AL:$AL,MATCH(D11,'Hotel Emissions'!$C:$C,0)),INDEX('Hotel Emissions'!$AG:$AG,MATCH(D11,'Hotel Emissions'!$C:$C,0))) -> 94.792983 | L11: Afghanistan | M11: Algeria | N11: Andorra | O11: Angola | P11: Antigua and Barbuda | Q11: Argentina | R11: Armenia | S11: Australia | T11: Austria | U11: Azerbaijan | V11: Bahamas | W11: Bahrain | X11: Bangladesh | Y11: Barbados | Z11: Belarus | AA11: Belgium | AB11: Belize | AC11: Benin | AD11: Bhutan | AE11: Bolivia | AF11: Bosnia and Herzegovina | AG11: Botswana | AH11: Brazil | AI11: Brunei | AJ11: Bulgaria | AK11: Burkina Faso | AL11: Burundi | AM11: Cabo Verde | AN11: Cambodia | AO11: Cameroon | AP11: Canada | AQ11: Central African Republic | AR11: Chad | AS11: Chile | AT11: China | AU11: Colombia | AV11: Comoros | AW11: Congo | AX11: Costa Rica | AY11: Côte d'Ivoire | AZ11: Croatia | BA11: Cuba | BB11: Cyprus | BC11: Czechia | BD11: Denmark | BE11: Djibouti | BF11: Dominica | BG11: Dominican Republic | BH11: DR Congo | BI11: Ecuador | BJ11: Egypt | BK11: El Salvador | BL11: Equatorial Guinea | BM11: Eritrea | BN11: Estonia | BO11: Eswatini | BP11: Ethiopia | BQ11: Finland | BR11: France | BS11: Gabon | BT11: Gambia | BU11: Georgia | BV11: Germany | BW11: Ghana | BX11: Greece | BY11: Grenada | BZ11: Guatemala | CA11: Guinea | CB11: Guinea-Bissau | CC11: Guyana | CD11: Haiti | CE11: Honduras | CF11: Hungary | CG11: Iceland | CH11: India | CI11: Indonesia | CJ11: Iran | CK11: Iraq | CL11: Ireland | CM11: Israel | CN11: Italy | CO11: Jamaica | CP11: Japan | CQ11: Jordan | CR11: Kazakhstan | CS11: Kenya | CT11: Kuwait | CU11: Kyrgyzstan | CV11: Laos | CW11: Latvia | CX11: Lebanon | CY11: Lesotho | CZ11: Liberia | DA11: Libya | DB11: Liechtenstein | DC11: Lithuania | DD11: Luxembourg | DE11: Madagascar | DF11: Malawi | DG11: Malaysia | DH11: Maldives | DI11: Mali | DJ11: Malta | DK11: Mauritania | DL11: Mauritius | DM11: Mexico | DN11: Moldova | DO11: Monaco | DP11: Mongolia | DQ11: Montenegro | DR11: Morocco | DS11: Mozambique | DT11: Myanmar | DU11: Namibia | DV11: Nepal | DW11: Netherlands | DX11: New Zealand | DY11: Nicaragua | DZ11: Niger | EA11: Nigeria | EB11: North Korea | EC11: North Macedonia | ED11: Norway | EE11: Oman | EF11: Pakistan | EG11: Panama | EH11: Paraguay | EI11: Peru | EJ11: Philippines | EK11: Poland | EL11: Portugal | EM11: Qatar | EN11: Romania | EO11: Russia | EP11: Rwanda | EQ11: Saint Kitts and Nevis | ER11: Saint Lucia | ES11: Saint Vincent and the Grenadines | ET11: San Marino | EU11: Sao Tome & Principe | EV11: Saudi Arabia | EW11: Senegal | EX11: Serbia | EY11: Sierra Leone | EZ11: Singapore | FA11: Slovakia | FB11: Slovenia | FC11: Somalia | FD11: South Africa | FE11: South Korea | FF11: South Sudan | FG11: Spain | FH11: Sri Lanka | FI11: Sudan | FJ11: Suriname | FK11: Sweden | FL11: Switzerland | FM11: Syria | FN11: Taiwan | FO11: Tajikistan | FP11: Tanzania | FQ11: Thailand | FR11: Timor-Leste | FS11: Togo | FT11: Trinidad and Tobago | FU11: Tunisia | FV11: Turkey | FW11: Turkmenistan | FX11: Uganda | FY11: Ukraine | FZ11: United Arab Emirates | GA11: United Kingdom | GB11: United States | GC11: Uruguay | GD11: Uzbekistan | GE11: Venezuela | GF11: Vietnam | GG11: Yemen | GH11: Zambia | GI11: Zimbabwe
B12: Australia | C12: Sydney | D12: =_xlfn.IFNA(INDEX($M$19:$M$149,MATCH(B12,$L$19:$L$149,0)),B12) -> Australia | E12: =INDEX('Hotel Emissions'!$G:$G,MATCH(D12,'Hotel Emissions'!$C:$C,0)) -> 48.758349 | F12: =IF(INDEX('Hotel Emissions'!$O:$O,MATCH(D12,'Hotel Emissions'!$C:$C,0))="",INDEX('Hotel Emissions'!$T:$T,MATCH(D12,'Hotel Emissions'!$C:$C,0)),INDEX('Hotel Emissions'!$O:$O,MATCH(D12,'Hotel Emissions'!$C:$C,0))) -> 29.652035 | G12: =IF(INDEX('Hotel Emissions'!$X:$X,MATCH(D12,'Hotel Emissions'!$C:$C,0))="",INDEX('Hotel Emissions'!$AC:$AC,MATCH(D12,'Hotel Emissions'!$C:$C,0)),INDEX('Hotel Emissions'!$X:$X,MATCH(D12,'Hotel Emissions'!$C:$C,0))) -> 44.474918 | H12: =IF(INDEX('Hotel Emissions'!AG:$AG,MATCH(D12,'Hotel Emissions'!$C:$C,0))="",INDEX('Hotel Emissions'!$AL:$AL,MATCH(D12,'Hotel Emissions'!$C:$C,0)),INDEX('Hotel Emissions'!$AG:$AG,MATCH(D12,'Hotel Emissions'!$C:$C,0))) -> 75.786919 | L12: Kabul | M12: Algiers | N12: Andorra la Vella | O12: Luanda | P12: Saint John's | Q12: Buenos Aires | R12: Yerevan | S12: Canberra | T12: Vienna | U12: Baku | V12: Nassau | W12: Manama | X12: Dhaka | Y12: Bridgetown | Z12: Minsk | AA12: Brussels | AB12: Belmopan | AC12: Porto Novo | AD12: Thimphu | AE12: La Paz | AF12: Sarajevo | AG12: Gaborone | AH12: Rio de Janerio | AI12: Bandar Seri Begawan | AJ12: Sofia | AK12: Ouagadougou | AL12: Bujumbura | AM12: Praia | AN12: Phnom Penh | AO12: Doula | AP12: Ottawa | AQ12: Bangui | AR12: N'Djamena | AS12: Santiago | AT12: Beijing | AU12: Bogota | AV12: Moroni | AW12: Brazzaville | AX12: San Jose | AY12: Abidjan | AZ12: Zagreb | BA12: Havana | BB12: Nicosia | BC12: Prague | BD12: Copenhagen | BE12: Djibouti | BF12: Roseau | BG12: Santo Domingo | BH12: Kinshasa | BI12: Quito | BJ12: Cairo | BK12: San Salvador | BL12: Malabo | BM12: Asmara | BN12: Tallinn | BO12: Mbabane | BP12: Addis Ababa | BQ12: Helsinki | BR12: Paris | BS12: Libreville | BT12: Banjul | BU12: T'bilisi | BV12: Berlin | BW12: Accra | BX12: Athens | BY12: Saint George's | BZ12: Guatemala | CA12: Conakry | CB12: Bissau | CC12: Georgetown | CD12: Port-au-Prince | CE12: Tegucigalpa | CF12: Budapest | CG12: Reykjavik | CH12: Mumbai | CI12: Jakarta | CJ12: Tehran | CK12: Baghdad | CL12: Dublin | CM12: Jerusalem | CN12: Milan | CO12: Kingston | CP12: Tokyo | CQ12: Amman | CR12: Astana | CS12: Nairobi | CT12: Kuwait | CU12: Bishkek | CV12: Vientiane | CW12: Riga | CX12: Beirut | CY12: Maseru | CZ12: Monrovia | DA12: Tripoli | DB12: Vaduz | DC12: Vilnius | DD12: Luxembourg | DE12: Antananarivo | DF12: Lilongwe | DG12: Kuala Lumpur | DH12: Male | DI12: Bamako | DJ12: Valletta | DK12: Nouakchott | DL12: Port Louis | DM12: Mexico | DN12: Chisinau | DO12: Monaco | DP12: Ulaanbaatar | DQ12: Podgorica | DR12: Rabat | DS12: Maputo | DT12: Yangon | DU12: Windhoek | DV12: Kathmandu | DW12: Amsterdam | DX12: Auckland | DY12: Managua | DZ12: Niamey | EA12: Abuja | EB12: Pyongyang | EC12: Skopje | ED12: Oslo | EE12: Masqat | EF12: Islamabad | EG12: Panama | EH12: Asuncion | EI12: Lima | EJ12: Manila | EK12: Warsaw | EL12: Lisbon | EM12: Doha | EN12: Bucharest | EO12: Moscow | EP12: Kigali | EQ12: Basseterre | ER12: Castries | ES12: Kingstown | ET12: San Marino | EU12: Sao Tome | EV12: Riyadh | EW12: Dakar | EX12: Belgrade | EY12: Freetown | EZ12: Singapore | FA12: Bratislava | FB12: Ljubljana | FC12: Mogadishu | FD12: Johannesburg | FE12: Seoul | FF12: Juba | FG12: Barcelona | FH12: Colombo | FI12: Khartoum | FJ12: Paramaribo | FK12: Stockholm | FL12: Bern | FM12: Damascus | FN12: Taipei City | FO12: Dushanbe | FP12: Dar es Salaam | FQ12: Bangkok | FR12: Dili | FS12: Lome | FT12: Port of Spain | FU12: Tunis | FV12: Ankara | FW12: Ashgabat | FX12: Kampala | FY12: Kiev | FZ12: Abu Dhabi | GA12: London | GB12: Boston | GC12: Montevideo | GD12: Tashkent | GE12: Caracas | GF12: Hanoi | GG12: Sanaa | GH12: Lusaka | GI12: Harare
B13: Austria | C13: Vienna | D13: =_xlfn.IFNA(INDEX($M$19:$M$149,MATCH(B13,$L$19:$L$149,0)),B13) -> Austria | E13: =INDEX('Hotel Emissions'!$G:$G,MATCH(D13,'Hotel Emissions'!$C:$C,0)) -> 11.841174 | F13: =IF(INDEX('Hotel Emissions'!$O:$O,MATCH(D13,'Hotel Emissions'!$C:$C,0))="",INDEX('Hotel Emissions'!$T:$T,MATCH(D13,'Hotel Emissions'!$C:$C,0)),INDEX('Hotel Emissions'!$O:$O,MATCH(D13,'Hotel Emissions'!$C:$C,0))) -> 7.6990803 | G13: =IF(INDEX('Hotel Emissions'!$X:$X,MATCH(D13,'Hotel Emissions'!$C:$C,0))="",INDEX('Hotel Emissions'!$AC:$AC,MATCH(D13,'Hotel Emissions'!$C:$C,0)),INDEX('Hotel Emissions'!$X:$X,MATCH(D13,'Hotel Emissions'!$C:$C,0))) -> 10.008291 | H13: =IF(INDEX('Hotel Emissions'!AG:$AG,MATCH(D13,'Hotel Emissions'!$C:$C,0))="",INDEX('Hotel Emissions'!$AL:$AL,MATCH(D13,'Hotel Emissions'!$C:$C,0)),INDEX('Hotel Emissions'!$AG:$AG,MATCH(D13,'Hotel Emissions'!$C:$C,0))) -> 94.792983 | S13: Sydney | AH13: Sao Paulo | AO13: Yaounde | AP13: Toronto | AT13: Hong Kong | AW13: Kinshasa | BV13: Frankfurt | CH13: New Delhi | CN13: Rome | DX13: Wellington | EF13: Karachi | FD13: Pretoria | FG13: Madrid | FL13: Zurich | GB13: Los Angeles | GF13: Ho Chi Minh City
B14: Azerbaijan | C14: Baku | D14: =_xlfn.IFNA(INDEX($M$19:$M$149,MATCH(B14,$L$19:$L$149,0)),B14) -> Georgia | E14: =INDEX('Hotel Emissions'!$G:$G,MATCH(D14,'Hotel Emissions'!$C:$C,0)) -> 28.639821 | F14: =IF(INDEX('Hotel Emissions'!$O:$O,MATCH(D14,'Hotel Emissions'!$C:$C,0))="",INDEX('Hotel Emissions'!$T:$T,MATCH(D14,'Hotel Emissions'!$C:$C,0)),INDEX('Hotel Emissions'!$O:$O,MATCH(D14,'Hotel Emissions'!$C:$C,0))) -> 16.910411 | G14: =IF(INDEX('Hotel Emissions'!$X:$X,MATCH(D14,'Hotel Emissions'!$C:$C,0))="",INDEX('Hotel Emissions'!$AC:$AC,MATCH(D14,'Hotel Emissions'!$C:$C,0)),INDEX('Hotel Emissions'!$X:$X,MATCH(D14,'Hotel Emissions'!$C:$C,0))) -> 41.238181 | H14: =IF(INDEX('Hotel Emissions'!AG:$AG,MATCH(D14,'Hotel Emissions'!$C:$C,0))="",INDEX('Hotel Emissions'!$AL:$AL,MATCH(D14,'Hotel Emissions'!$C:$C,0)),INDEX('Hotel Emissions'!$AG:$AG,MATCH(D14,'Hotel Emissions'!$C:$C,0))) -> 94.792983 | AT14: Macau | BV14: Munich | GB14: New York
B15: Bahamas | C15: Nassau | D15: =_xlfn.IFNA(INDEX($M$19:$M$149,MATCH(B15,$L$19:$L$149,0)),B15) -> Dominican Republic | E15: =INDEX('Hotel Emissions'!$G:$G,MATCH(D15,'Hotel Emissions'!$C:$C,0)) -> 49.703221 | F15: =IF(INDEX('Hotel Emissions'!$O:$O,MATCH(D15,'Hotel Emissions'!$C:$C,0))="",INDEX('Hotel Emissions'!$T:$T,MATCH(D15,'Hotel Emissions'!$C:$C,0)),INDEX('Hotel Emissions'!$O:$O,MATCH(D15,'Hotel Emissions'!$C:$C,0))) -> 16.910411 | G15: =IF(INDEX('Hotel Emissions'!$X:$X,MATCH(D15,'Hotel Emissions'!$C:$C,0))="",INDEX('Hotel Emissions'!$AC:$AC,MATCH(D15,'Hotel Emissions'!$C:$C,0)),INDEX('Hotel Emissions'!$X:$X,MATCH(D15,'Hotel Emissions'!$C:$C,0))) -> 41.238181 | H15: =IF(INDEX('Hotel Emissions'!AG:$AG,MATCH(D15,'Hotel Emissions'!$C:$C,0))="",INDEX('Hotel Emissions'!$AL:$AL,MATCH(D15,'Hotel Emissions'!$C:$C,0)),INDEX('Hotel Emissions'!$AG:$AG,MATCH(D15,'Hotel Emissions'!$C:$C,0))) -> 94.792983 | AT15: Shanghai | GB15: Washington
B16: Bahrain | C16: Manama | D16: =_xlfn.IFNA(INDEX($M$19:$M$149,MATCH(B16,$L$19:$L$149,0)),B16) -> Bahrain | E16: =INDEX('Hotel Emissions'!$G:$G,MATCH(D16,'Hotel Emissions'!$C:$C,0)) -> 144.0894 | F16: =IF(INDEX('Hotel Emissions'!$O:$O,MATCH(D16,'Hotel Emissions'!$C:$C,0))="",INDEX('Hotel Emissions'!$T:$T,MATCH(D16,'Hotel Emissions'!$C:$C,0)),INDEX('Hotel Emissions'!$O:$O,MATCH(D16,'Hotel Emissions'!$C:$C,0))) -> 16.910411 | G16: =IF(INDEX('Hotel Emissions'!$X:$X,MATCH(D16,'Hotel Emissions'!$C:$C,0))="",INDEX('Hotel Emissions'!$AC:$AC,MATCH(D16,'Hotel Emissions'!$C:$C,0)),INDEX('Hotel Emissions'!$X:$X,MATCH(D16,'Hotel Emissions'!$C:$C,0))) -> 124.38281 | H16: =IF(INDEX('Hotel Emissions'!AG:$AG,MATCH(D16,'Hotel Emissions'!$C:$C,0))="",INDEX('Hotel Emissions'!$AL:$AL,MATCH(D16,'Hotel Emissions'!$C:$C,0)),INDEX('Hotel Emissions'!$AG:$AG,MATCH(D16,'Hotel Emissions'!$C:$C,0))) -> 94.792983
B17: Bangladesh | C17: Dhaka | D17: =_xlfn.IFNA(INDEX($M$19:$M$149,MATCH(B17,$L$19:$L$149,0)),B17) -> India | E17: =INDEX('Hotel Emissions'!$G:$G,MATCH(D17,'Hotel Emissions'!$C:$C,0)) -> 60.039227 | F17: =IF(INDEX('Hotel Emissions'!$O:$O,MATCH(D17,'Hotel Emissions'!$C:$C,0))="",INDEX('Hotel Emissions'!$T:$T,MATCH(D17,'Hotel Emissions'!$C:$C,0)),INDEX('Hotel Emissions'!$O:$O,MATCH(D17,'Hotel Emissions'!$C:$C,0))) -> 44.760848 | G17: =IF(INDEX('Hotel Emissions'!$X:$X,MATCH(D17,'Hotel Emissions'!$C:$C,0))="",INDEX('Hotel Emissions'!$AC:$AC,MATCH(D17,'Hotel Emissions'!$C:$C,0)),INDEX('Hotel Emissions'!$X:$X,MATCH(D17,'Hotel Emissions'!$C:$C,0))) -> 64.625316 | H17: =IF(INDEX('Hotel Emissions'!AG:$AG,MATCH(D17,'Hotel Emissions'!$C:$C,0))="",INDEX('Hotel Emissions'!$AL:$AL,MATCH(D17,'Hotel Emissions'!$C:$C,0)),INDEX('Hotel Emissions'!$AG:$AG,MATCH(D17,'Hotel Emissions'!$C:$C,0))) -> 87.695611
B18: Barbados | C18: Bridgetown | D18: =_xlfn.IFNA(INDEX($M$19:$M$149,MATCH(B18,$L$19:$L$149,0)),B18) -> Dominican Republic | E18: =INDEX('Hotel Emissions'!$G:$G,MATCH(D18,'Hotel Emissions'!$C:$C,0)) -> 49.703221 | F18: =IF(INDEX('Hotel Emissions'!$O:$O,MATCH(D18,'Hotel Emissions'!$C:$C,0))="",INDEX('Hotel Emissions'!$T:$T,MATCH(D18,'Hotel Emissions'!$C:$C,0)),INDEX('Hotel Emissions'!$O:$O,MATCH(D18,'Hotel Emissions'!$C:$C,0))) -> 16.910411 | G18: =IF(INDEX('Hotel Emissions'!$X:$X,MATCH(D18,'Hotel Emissions'!$C:$C,0))="",INDEX('Hotel Emissions'!$AC:$AC,MATCH(D18,'Hotel Emissions'!$C:$C,0)),INDEX('Hotel Emissions'!$X:$X,MATCH(D18,'Hotel Emissions'!$C:$C,0))) -> 41.238181 | H18: =IF(INDEX('Hotel Emissions'!AG:$AG,MATCH(D18,'Hotel Emissions'!$C:$C,0))="",INDEX('Hotel Emissions'!$AL:$AL,MATCH(D18,'Hotel Emissions'!$C:$C,0)),INDEX('Hotel Emissions'!$AG:$AG,MATCH(D18,'Hotel Emissions'!$C:$C,0))) -> 94.792983
B19: Belarus | C19: Minsk | D19: =_xlfn.IFNA(INDEX($M$19:$M$149,MATCH(B19,$L$19:$L$149,0)),B19) -> Poland | E19: =INDEX('Hotel Emissions'!$G:$G,MATCH(D19,'Hotel Emissions'!$C:$C,0)) -> 37.616565 | F19: =IF(INDEX('Hotel Emissions'!$O:$O,MATCH(D19,'Hotel Emissions'!$C:$C,0))="",INDEX('Hotel Emissions'!$T:$T,MATCH(D19,'Hotel Emissions'!$C:$C,0)),INDEX('Hotel Emissions'!$O:$O,MATCH(D19,'Hotel Emissions'!$C:$C,0))) -> 26.102264 | G19: =IF(INDEX('Hotel Emissions'!$X:$X,MATCH(D19,'Hotel Emissions'!$C:$C,0))="",INDEX('Hotel Emissions'!$AC:$AC,MATCH(D19,'Hotel Emissions'!$C:$C,0)),INDEX('Hotel Emissions'!$X:$X,MATCH(D19,'Hotel Emissions'!$C:$C,0))) -> 38.117915 | H19: =IF(INDEX('Hotel Emissions'!AG:$AG,MATCH(D19,'Hotel Emissions'!$C:$C,0))="",INDEX('Hotel Emissions'!$AL:$AL,MATCH(D19,'Hotel Emissions'!$C:$C,0)),INDEX('Hotel Emissions'!$AG:$AG,MATCH(D19,'Hotel Emissions'!$C:$C,0))) -> 75.497386 | L19: Afghanistan | M19: Kazakhstan
B20: Belgium | C20: Brussels | D20: =_xlfn.IFNA(INDEX($M$19:$M$149,MATCH(B20,$L$19:$L$149,0)),B20) -> Belgium | E20: =INDEX('Hotel Emissions'!$G:$G,MATCH(D20,'Hotel Emissions'!$C:$C,0)) -> 16.824282 | F20: =IF(INDEX('Hotel Emissions'!$O:$O,MATCH(D20,'Hotel Emissions'!$C:$C,0))="",INDEX('Hotel Emissions'!$T:$T,MATCH(D20,'Hotel Emissions'!$C:$C,0)),INDEX('Hotel Emissions'!$O:$O,MATCH(D20,'Hotel Emissions'!$C:$C,0))) -> 10.02824 | G20: =IF(INDEX('Hotel Emissions'!$X:$X,MATCH(D20,'Hotel Emissions'!$C:$C,0))="",INDEX('Hotel Emissions'!$AC:$AC,MATCH(D20,'Hotel Emissions'!$C:$C,0)),INDEX('Hotel Emissions'!$X:$X,MATCH(D20,'Hotel Emissions'!$C:$C,0))) -> 25.064402 | H20: =IF(INDEX('Hotel Emissions'!AG:$AG,MATCH(D20,'Hotel Emissions'!$C:$C,0))="",INDEX('Hotel Emissions'!$AL:$AL,MATCH(D20,'Hotel Emissions'!$C:$C,0)),INDEX('Hotel Emissions'!$AG:$AG,MATCH(D20,'Hotel Emissions'!$C:$C,0))) -> 94.792983 | L20: Andorra | M20: Switzerland
B21: Belize | C21: Belmopan | D21: =_xlfn.IFNA(INDEX($M$19:$M$149,MATCH(B21,$L$19:$L$149,0)),B21) -> Costa Rica | E21: =INDEX('Hotel Emissions'!$G:$G,MATCH(D21,'Hotel Emissions'!$C:$C,0)) -> 11.133539 | F21: =IF(INDEX('Hotel Emissions'!$O:$O,MATCH(D21,'Hotel Emissions'!$C:$C,0))="",INDEX('Hotel Emissions'!$T:$T,MATCH(D21,'Hotel Emissions'!$C:$C,0)),INDEX('Hotel Emissions'!$O:$O,MATCH(D21,'Hotel Emissions'!$C:$C,0))) -> 6.0947987 | G21: =IF(INDEX('Hotel Emissions'!$X:$X,MATCH(D21,'Hotel Emissions'!$C:$C,0))="",INDEX('Hotel Emissions'!$AC:$AC,MATCH(D21,'Hotel Emissions'!$C:$C,0)),INDEX('Hotel Emissions'!$X:$X,MATCH(D21,'Hotel Emissions'!$C:$C,0))) -> 14.50235 | H21: =IF(INDEX('Hotel Emissions'!AG:$AG,MATCH(D21,'Hotel Emissions'!$C:$C,0))="",INDEX('Hotel Emissions'!$AL:$AL,MATCH(D21,'Hotel Emissions'!$C:$C,0)),INDEX('Hotel Emissions'!$AG:$AG,MATCH(D21,'Hotel Emissions'!$C:$C,0))) -> 94.792983 | L21: Angola | M21: South Africa
B22: Benin | C22: Porto Novo | D22: =_xlfn.IFNA(INDEX($M$19:$M$149,MATCH(B22,$L$19:$L$149,0)),B22) -> Morocco | E22: =INDEX('Hotel Emissions'!$G:$G,MATCH(D22,'Hotel Emissions'!$C:$C,0)) -> 64.786712 | F22: =IF(INDEX('Hotel Emissions'!$O:$O,MATCH(D22,'Hotel Emissions'!$C:$C,0))="",INDEX('Hotel Emissions'!$T:$T,MATCH(D22,'Hotel Emissions'!$C:$C,0)),INDEX('Hotel Emissions'!$O:$O,MATCH(D22,'Hotel Emissions'!$C:$C,0))) -> 22.421331 | G22: =IF(INDEX('Hotel Emissions'!$X:$X,MATCH(D22,'Hotel Emissions'!$C:$C,0))="",INDEX('Hotel Emissions'!$AC:$AC,MATCH(D22,'Hotel Emissions'!$C:$C,0)),INDEX('Hotel Emissions'!$X:$X,MATCH(D22,'Hotel Emissions'!$C:$C,0))) -> 81.787795 | H22: =IF(INDEX('Hotel Emissions'!AG:$AG,MATCH(D22,'Hotel Emissions'!$C:$C,0))="",INDEX('Hotel Emissions'!$AL:$AL,MATCH(D22,'Hotel Emissions'!$C:$C,0)),INDEX('Hotel Emissions'!$AG:$AG,MATCH(D22,'Hotel Emissions'!$C:$C,0))) -> 105.55114 | L22: Antigua and Barbuda | M22: Dominican Republic
B23: Bhutan | C23: Thimphu | D23: =_xlfn.IFNA(INDEX($M$19:$M$149,MATCH(B23,$L$19:$L$149,0)),B23) -> India | E23: =INDEX('Hotel Emissions'!$G:$G,MATCH(D23,'Hotel Emissions'!$C:$C,0)) -> 60.039227 | F23: =IF(INDEX('Hotel Emissions'!$O:$O,MATCH(D23,'Hotel Emissions'!$C:$C,0))="",INDEX('Hotel Emissions'!$T:$T,MATCH(D23,'Hotel Emissions'!$C:$C,0)),INDEX('Hotel Emissions'!$O:$O,MATCH(D23,'Hotel Emissions'!$C:$C,0))) -> 44.760848 | G23: =IF(INDEX('Hotel Emissions'!$X:$X,MATCH(D23,'Hotel Emissions'!$C:$C,0))="",INDEX('Hotel Emissions'!$AC:$AC,MATCH(D23,'Hotel Emissions'!$C:$C,0)),INDEX('Hotel Emissions'!$X:$X,MATCH(D23,'Hotel Emissions'!$C:$C,0))) -> 64.625316 | H23: =IF(INDEX('Hotel Emissions'!AG:$AG,MATCH(D23,'Hotel Emissions'!$C:$C,0))="",INDEX('Hotel Emissions'!$AL:$AL,MATCH(D23,'Hotel Emissions'!$C:$C,0)),INDEX('Hotel Emissions'!$AG:$AG,MATCH(D23,'Hotel Emissions'!$C:$C,0))) -> 87.695611 | L23: Armenia | M23: Georgia
B24: Bolivia | C24: La Paz | D24: =_xlfn.IFNA(INDEX($M$19:$M$149,MATCH(B24,$L$19:$L$149,0)),B24) -> Peru | E24: =INDEX('Hotel Emissions'!$G:$G,MATCH(D24,'Hotel Emissions'!$C:$C,0)) -> 18.535003 | F24: =IF(INDEX('Hotel Emissions'!$O:$O,MATCH(D24,'Hotel Emissions'!$C:$C,0))="",INDEX('Hotel Emissions'!$T:$T,MATCH(D24,'Hotel Emissions'!$C:$C,0)),INDEX('Hotel Emissions'!$O:$O,MATCH(D24,'Hotel Emissions'!$C:$C,0))) -> 10.068741 | G24: =IF(INDEX('Hotel Emissions'!$X:$X,MATCH(D24,'Hotel Emissions'!$C:$C,0))="",INDEX('Hotel Emissions'!$AC:$AC,MATCH(D24,'Hotel Emissions'!$C:$C,0)),INDEX('Hotel Emissions'!$X:$X,MATCH(D24,'Hotel Emissions'!$C:$C,0))) -> 41.238181 | H24: =IF(INDEX('Hotel Emissions'!AG:$AG,MATCH(D24,'Hotel Emissions'!$C:$C,0))="",INDEX('Hotel Emissions'!$AL:$AL,MATCH(D24,'Hotel Emissions'!$C:$C,0)),INDEX('Hotel Emissions'!$AG:$AG,MATCH(D24,'Hotel Emissions'!$C:$C,0))) -> 42.013859 | L24: Azerbaijan | M24: Georgia
B25: Bosnia and Herzegovina | C25: Sarajevo | D25: =_xlfn.IFNA(INDEX($M$19:$M$149,MATCH(B25,$L$19:$L$149,0)),B25) -> Romania | E25: =INDEX('Hotel Emissions'!$G:$G,MATCH(D25,'Hotel Emissions'!$C:$C,0)) -> 23.759309 | F25: =IF(INDEX('Hotel Emissions'!$O:$O,MATCH(D25,'Hotel Emissions'!$C:$C,0))="",INDEX('Hotel Emissions'!$T:$T,MATCH(D25,'Hotel Emissions'!$C:$C,0)),INDEX('Hotel Emissions'!$O:$O,MATCH(D25,'Hotel Emissions'!$C:$C,0))) -> 16.910411 | G25: =IF(INDEX('Hotel Emissions'!$X:$X,MATCH(D25,'Hotel Emissions'!$C:$C,0))="",INDEX('Hotel Emissions'!$AC:$AC,MATCH(D25,'Hotel Emissions'!$C:$C,0)),INDEX('Hotel Emissions'!$X:$X,MATCH(D25,'Hotel Emissions'!$C:$C,0))) -> 41.238181 | H25: =IF(INDEX('Hotel Emissions'!AG:$AG,MATCH(D25,'Hotel Emissions'!$C:$C,0))="",INDEX('Hotel Emissions'!$AL:$AL,MATCH(D25,'Hotel Emissions'!$C:$C,0)),INDEX('Hotel Emissions'!$AG:$AG,MATCH(D25,'Hotel Emissions'!$C:$C,0))) -> 94.792983 | L25: Bahamas | M25: Dominican Republic
B26: Botswana | C26: Gaborone | D26: =_xlfn.IFNA(INDEX($M$19:$M$149,MATCH(B26,$L$19:$L$149,0)),B26) -> South Africa | E26: =INDEX('Hotel Emissions'!$G:$G,MATCH(D26,'Hotel Emissions'!$C:$C,0)) -> 103.55038 | F26: =IF(INDEX('Hotel Emissions'!$O:$O,MATCH(D26,'Hotel Emissions'!$C:$C,0))="",INDEX('Hotel Emissions'!$T:$T,MATCH(D26,'Hotel Emissions'!$C:$C,0)),INDEX('Hotel Emissions'!$O:$O,MATCH(D26,'Hotel Emissions'!$C:$C,0))) -> 16.910411 | G26: =IF(INDEX('Hotel Emissions'!$X:$X,MATCH(D26,'Hotel Emissions'!$C:$C,0))="",INDEX('Hotel Emissions'!$AC:$AC,MATCH(D26,'Hotel Emissions'!$C:$C,0)),INDEX('Hotel Emissions'!$X:$X,MATCH(D26,'Hotel Emissions'!$C:$C,0))) -> 66.543957 | H26: =IF(INDEX('Hotel Emissions'!AG:$AG,MATCH(D26,'Hotel Emissions'!$C:$C,0))="",INDEX('Hotel Emissions'!$AL:$AL,MATCH(D26,'Hotel Emissions'!$C:$C,0)),INDEX('Hotel Emissions'!$AG:$AG,MATCH(D26,'Hotel Emissions'!$C:$C,0))) -> 94.792983 | L26: Bangladesh | M26: India
B27: Brazil | C27: Sao Paulo | D27: =_xlfn.IFNA(INDEX($M$19:$M$149,MATCH(B27,$L$19:$L$149,0)),B27) -> Brazil | E27: =INDEX('Hotel Emissions'!$G:$G,MATCH(D27,'Hotel Emissions'!$C:$C,0)) -> 8.6180527 | F27: =IF(INDEX('Hotel Emissions'!$O:$O,MATCH(D27,'Hotel Emissions'!$C:$C,0))="",INDEX('Hotel Emissions'!$T:$T,MATCH(D27,'Hotel Emissions'!$C:$C,0)),INDEX('Hotel Emissions'!$O:$O,MATCH(D27,'Hotel Emissions'!$C:$C,0))) -> 4.702649 | G27: =IF(INDEX('Hotel Emissions'!$X:$X,MATCH(D27,'Hotel Emissions'!$C:$C,0))="",INDEX('Hotel Emissions'!$AC:$AC,MATCH(D27,'Hotel Emissions'!$C:$C,0)),INDEX('Hotel Emissions'!$X:$X,MATCH(D27,'Hotel Emissions'!$C:$C,0))) -> 9.1852085 | H27: =IF(INDEX('Hotel Emissions'!AG:$AG,MATCH(D27,'Hotel Emissions'!$C:$C,0))="",INDEX('Hotel Emissions'!$AL:$AL,MATCH(D27,'Hotel Emissions'!$C:$C,0)),INDEX('Hotel Emissions'!$AG:$AG,MATCH(D27,'Hotel Emissions'!$C:$C,0))) -> 17.988625 | L27: Barbados | M27: Dominican Republic
B28: Brazil | C28: Rio de Janerio | D28: =_xlfn.IFNA(INDEX($M$19:$M$149,MATCH(B28,$L$19:$L$149,0)),B28) -> Brazil | E28: =INDEX('Hotel Emissions'!$G:$G,MATCH(D28,'Hotel Emissions'!$C:$C,0)) -> 8.6180527 | F28: =IF(INDEX('Hotel Emissions'!$O:$O,MATCH(D28,'Hotel Emissions'!$C:$C,0))="",INDEX('Hotel Emissions'!$T:$T,MATCH(D28,'Hotel Emissions'!$C:$C,0)),INDEX('Hotel Emissions'!$O:$O,MATCH(D28,'Hotel Emissions'!$C:$C,0))) -> 4.702649 | G28: =IF(INDEX('Hotel Emissions'!$X:$X,MATCH(D28,'Hotel Emissions'!$C:$C,0))="",INDEX('Hotel Emissions'!$AC:$AC,MATCH(D28,'Hotel Emissions'!$C:$C,0)),INDEX('Hotel Emissions'!$X:$X,MATCH(D28,'Hotel Emissions'!$C:$C,0))) -> 9.1852085 | H28: =IF(INDEX('Hotel Emissions'!AG:$AG,MATCH(D28,'Hotel Emissions'!$C:$C,0))="",INDEX('Hotel Emissions'!$AL:$AL,MATCH(D28,'Hotel Emissions'!$C:$C,0)),INDEX('Hotel Emissions'!$AG:$AG,MATCH(D28,'Hotel Emissions'!$C:$C,0))) -> 17.988625 | L28: Belarus | M28: Poland
B29: Brunei | C29: Bandar Seri Begawan | D29: =_xlfn.IFNA(INDEX($M$19:$M$149,MATCH(B29,$L$19:$L$149,0)),B29) -> Malaysia | E29: =INDEX('Hotel Emissions'!$G:$G,MATCH(D29,'Hotel Emissions'!$C:$C,0)) -> 94.440625 | F29: =IF(INDEX('Hotel Emissions'!$O:$O,MATCH(D29,'Hotel Emissions'!$C:$C,0))="",INDEX('Hotel Emissions'!$T:$T,MATCH(D29,'Hotel Emissions'!$C:$C,0)),INDEX('Hotel Emissions'!$O:$O,MATCH(D29,'Hotel Emissions'!$C:$C,0))) -> 50.392437 | G29: =IF(INDEX('Hotel Emissions'!$X:$X,MATCH(D29,'Hotel Emissions'!$C:$C,0))="",INDEX('Hotel Emissions'!$AC:$AC,MATCH(D29,'Hotel Emissions'!$C:$C,0)),INDEX('Hotel Emissions'!$X:$X,MATCH(D29,'Hotel Emissions'!$C:$C,0))) -> 80.787705 | H29: =IF(INDEX('Hotel Emissions'!AG:$AG,MATCH(D29,'Hotel Emissions'!$C:$C,0))="",INDEX('Hotel Emissions'!$AL:$AL,MATCH(D29,'Hotel Emissions'!$C:$C,0)),INDEX('Hotel Emissions'!$AG:$AG,MATCH(D29,'Hotel Emissions'!$C:$C,0))) -> 159.16481 | L29: Belize | M29: Costa Rica
B30: Bulgaria | C30: Sofia | D30: =_xlfn.IFNA(INDEX($M$19:$M$149,MATCH(B30,$L$19:$L$149,0)),B30) -> Romania | E30: =INDEX('Hotel Emissions'!$G:$G,MATCH(D30,'Hotel Emissions'!$C:$C,0)) -> 23.759309 | F30: =IF(INDEX('Hotel Emissions'!$O:$O,MATCH(D30,'Hotel Emissions'!$C:$C,0))="",INDEX('Hotel Emissions'!$T:$T,MATCH(D30,'Hotel Emissions'!$C:$C,0)),INDEX('Hotel Emissions'!$O:$O,MATCH(D30,'Hotel Emissions'!$C:$C,0))) -> 16.910411 | G30: =IF(INDEX('Hotel Emissions'!$X:$X,MATCH(D30,'Hotel Emissions'!$C:$C,0))="",INDEX('Hotel Emissions'!$AC:$AC,MATCH(D30,'Hotel Emissions'!$C:$C,0)),INDEX('Hotel Emissions'!$X:$X,MATCH(D30,'Hotel Emissions'!$C:$C,0))) -> 41.238181 | H30: =IF(INDEX('Hotel Emissions'!AG:$AG,MATCH(D30,'Hotel Emissions'!$C:$C,0))="",INDEX('Hotel Emissions'!$AL:$AL,MATCH(D30,'Hotel Emissions'!$C:$C,0)),INDEX('Hotel Emissions'!$AG:$AG,MATCH(D30,'Hotel Emissions'!$C:$C,0))) -> 94.792983 | L30: Benin | M30: Morocco
... B149: Qatar | C149: Doha | D149: =_xlfn.IFNA(INDEX($M$19:$M$149,MATCH(B149,$L$19:$L$149,0)),B149) -> Qatar | E149: =INDEX('Hotel Emissions'!$G:$G,MATCH(D149,'Hotel Emissions'!$C:$C,0)) -> 83.331856 | F149: =IF(INDEX('Hotel Emissions'!$O:$O,MATCH(D149,'Hotel Emissions'!$C:$C,0))="",INDEX('Hotel Emissions'!$T:$T,MATCH(D149,'Hotel Emissions'!$C:$C,0)),INDEX('Hotel Emissions'!$O:$O,MATCH(D149,'Hotel Emissions'!$C:$C,0))) -> 16.910411 | G149: =IF(INDEX('Hotel Emissions'!$X:$X,MATCH(D149,'Hotel Emissions'!$C:$C,0))="",INDEX('Hotel Emissions'!$AC:$AC,MATCH(D149,'Hotel Emissions'!$C:$C,0)),INDEX('Hotel Emissions'!$X:$X,MATCH(D149,'Hotel Emissions'!$C:$C,0))) -> 48.329538 | H149: =IF(INDEX('Hotel Emissions'!AG:$AG,MATCH(D149,'Hotel Emissions'!$C:$C,0))="",INDEX('Hotel Emissions'!$AL:$AL,MATCH(D149,'Hotel Emissions'!$C:$C,0)),INDEX('Hotel Emissions'!$AG:$AG,MATCH(D149,'Hotel Emissions'!$C:$C,0))) -> 110.29363 | L149: Maldives | M149: India
B150: Romania | C150: Bucharest | D150: =_xlfn.IFNA(INDEX($M$19:$M$149,MATCH(B150,$L$19:$L$149,0)),B150) -> Romania | E150: =INDEX('Hotel Emissions'!$G:$G,MATCH(D150,'Hotel Emissions'!$C:$C,0)) -> 23.759309 | F150: =IF(INDEX('Hotel Emissions'!$O:$O,MATCH(D150,'Hotel Emissions'!$C:$C,0))="",INDEX('Hotel Emissions'!$T:$T,MATCH(D150,'Hotel Emissions'!$C:$C,0)),INDEX('Hotel Emissions'!$O:$O,MATCH(D150,'Hotel Emissions'!$C:$C,0))) -> 16.910411 | G150: =IF(INDEX('Hotel Emissions'!$X:$X,MATCH(D150,'Hotel Emissions'!$C:$C,0))="",INDEX('Hotel Emissions'!$AC:$AC,MATCH(D150,'Hotel Emissions'!$C:$C,0)),INDEX('Hotel Emissions'!$X:$X,MATCH(D150,'Hotel Emissions'!$C:$C,0))) -> 41.238181 | H150: =IF(INDEX('Hotel Emissions'!AG:$AG,MATCH(D150,'Hotel Emissions'!$C:$C,0))="",INDEX('Hotel Emissions'!$AL:$AL,MATCH(D150,'Hotel Emissions'!$C:$C,0)),INDEX('Hotel Emissions'!$AG:$AG,MATCH(D150,'Hotel Emissions'!$C:$C,0))) -> 94.792983
B151: Russia | C151: Moscow | D151: =_xlfn.IFNA(INDEX($M$19:$M$149,MATCH(B151,$L$19:$L$149,0)),B151) -> Russian Federation | E151: =INDEX('Hotel Emissions'!$G:$G,MATCH(D151,'Hotel Emissions'!$C:$C,0)) -> 52.189753 | F151: =IF(INDEX('Hotel Emissions'!$O:$O,MATCH(D151,'Hotel Emissions'!$C:$C,0))="",INDEX('Hotel Emissions'!$T:$T,MATCH(D151,'Hotel Emissions'!$C:$C,0)),INDEX('Hotel Emissions'!$O:$O,MATCH(D151,'Hotel Emissions'!$C:$C,0))) -> 13.43012 | G151: =IF(INDEX('Hotel Emissions'!$X:$X,MATCH(D151,'Hotel Emissions'!$C:$C,0))="",INDEX('Hotel Emissions'!$AC:$AC,MATCH(D151,'Hotel Emissions'!$C:$C,0)),INDEX('Hotel Emissions'!$X:$X,MATCH(D151,'Hotel Emissions'!$C:$C,0))) -> 74.966706 | H151: =IF(INDEX('Hotel Emissions'!AG:$AG,MATCH(D151,'Hotel Emissions'!$C:$C,0))="",INDEX('Hotel Emissions'!$AL:$AL,MATCH(D151,'Hotel Emissions'!$C:$C,0)),INDEX('Hotel Emissions'!$AG:$AG,MATCH(D151,'Hotel Emissions'!$C:$C,0))) -> 60.290135
B152: Rwanda | C152: Kigali | D152: =_xlfn.IFNA(INDEX($M$19:$M$149,MATCH(B152,$L$19:$L$149,0)),B152) -> South Africa | E152: =INDEX('Hotel Emissions'!$G:$G,MATCH(D152,'Hotel Emissions'!$C:$C,0)) -> 103.55038 | F152: =IF(INDEX('Hotel Emissions'!$O:$O,MATCH(D152,'Hotel Emissions'!$C:$C,0))="",INDEX('Hotel Emissions'!$T:$T,MATCH(D152,'Hotel Emissions'!$C:$C,0)),INDEX('Hotel Emissions'!$O:$O,MATCH(D152,'Hotel Emissions'!$C:$C,0))) -> 16.910411 | G152: =IF(INDEX('Hotel Emissions'!$X:$X,MATCH(D152,'Hotel Emissions'!$C:$C,0))="",INDEX('Hotel Emissions'!$AC:$AC,MATCH(D152,'Hotel Emissions'!$C:$C,0)),INDEX('Hotel Emissions'!$X:$X,MATCH(D152,'Hotel Emissions'!$C:$C,0))) -> 66.543957 | H152: =IF(INDEX('Hotel Emissions'!AG:$AG,MATCH(D152,'Hotel Emissions'!$C:$C,0))="",INDEX('Hotel Emissions'!$AL:$AL,MATCH(D152,'Hotel Emissions'!$C:$C,0)),INDEX('Hotel Emissions'!$AG:$AG,MATCH(D152,'Hotel Emissions'!$C:$C,0))) -> 94.792983
B153: Saint Kitts and Nevis | C153: Basseterre | D153: =_xlfn.IFNA(INDEX($M$19:$M$149,MATCH(B153,$L$19:$L$149,0)),B153) -> Dominican Republic | E153: =INDEX('Hotel Emissions'!$G:$G,MATCH(D153,'Hotel Emissions'!$C:$C,0)) -> 49.703221 | F153: =IF(INDEX('Hotel Emissions'!$O:$O,MATCH(D153,'Hotel Emissions'!$C:$C,0))="",INDEX('Hotel Emissions'!$T:$T,MATCH(D153,'Hotel Emissions'!$C:$C,0)),INDEX('Hotel Emissions'!$O:$O,MATCH(D153,'Hotel Emissions'!$C:$C,0))) -> 16.910411 | G153: =IF(INDEX('Hotel Emissions'!$X:$X,MATCH(D153,'Hotel Emissions'!$C:$C,0))="",INDEX('Hotel Emissions'!$AC:$AC,MATCH(D153,'Hotel Emissions'!$C:$C,0)),INDEX('Hotel Emissions'!$X:$X,MATCH(D153,'Hotel Emissions'!$C:$C,0))) -> 41.238181 | H153: =IF(INDEX('Hotel Emissions'!AG:$AG,MATCH(D153,'Hotel Emissions'!$C:$C,0))="",INDEX('Hotel Emissions'!$AL:$AL,MATCH(D153,'Hotel Emissions'!$C:$C,0)),INDEX('Hotel Emissions'!$AG:$AG,MATCH(D153,'Hotel Emissions'!$C:$C,0))) -> 94.792983
B154: Saint Lucia | C154: Castries | D154: =_xlfn.IFNA(INDEX($M$19:$M$149,MATCH(B154,$L$19:$L$149,0)),B154) -> Dominican Republic | E154: =INDEX('Hotel Emissions'!$G:$G,MATCH(D154,'Hotel Emissions'!$C:$C,0)) -> 49.703221 | F154: =IF(INDEX('Hotel Emissions'!$O:$O,MATCH(D154,'Hotel Emissions'!$C:$C,0))="",INDEX('Hotel Emissions'!$T:$T,MATCH(D154,'Hotel Emissions'!$C:$C,0)),INDEX('Hotel Emissions'!$O:$O,MATCH(D154,'Hotel Emissions'!$C:$C,0))) -> 16.910411 | G154: =IF(INDEX('Hotel Emissions'!$X:$X,MATCH(D154,'Hotel Emissions'!$C:$C,0))="",INDEX('Hotel Emissions'!$AC:$AC,MATCH(D154,'Hotel Emissions'!$C:$C,0)),INDEX('Hotel Emissions'!$X:$X,MATCH(D154,'Hotel Emissions'!$C:$C,0))) -> 41.238181 | H154: =IF(INDEX('Hotel Emissions'!AG:$AG,MATCH(D154,'Hotel Emissions'!$C:$C,0))="",INDEX('Hotel Emissions'!$AL:$AL,MATCH(D154,'Hotel Emissions'!$C:$C,0)),INDEX('Hotel Emissions'!$AG:$AG,MATCH(D154,'Hotel Emissions'!$C:$C,0))) -> 94.792983
B155: Saint Vincent and the Grenadines | C155: Kingstown | D155: =_xlfn.IFNA(INDEX($M$19:$M$149,MATCH(B155,$L$19:$L$149,0)),B155) -> Dominican Republic | E155: =INDEX('Hotel Emissions'!$G:$G,MATCH(D155,'Hotel Emissions'!$C:$C,0)) -> 49.703221 | F155: =IF(INDEX('Hotel Emissions'!$O:$O,MATCH(D155,'Hotel Emissions'!$C:$C,0))="",INDEX('Hotel Emissions'!$T:$T,MATCH(D155,'Hotel Emissions'!$C:$C,0)),INDEX('Hotel Emissions'!$O:$O,MATCH(D155,'Hotel Emissions'!$C:$C,0))) -> 16.910411 | G155: =IF(INDEX('Hotel Emissions'!$X:$X,MATCH(D155,'Hotel Emissions'!$C:$C,0))="",INDEX('Hotel Emissions'!$AC:$AC,MATCH(D155,'Hotel Emissions'!$C:$C,0)),INDEX('Hotel Emissions'!$X:$X,MATCH(D155,'Hotel Emissions'!$C:$C,0))) -> 41.238181 | H155: =IF(INDEX('Hotel Emissions'!AG:$AG,MATCH(D155,'Hotel Emissions'!$C:$C,0))="",INDEX('Hotel Emissions'!$AL:$AL,MATCH(D155,'Hotel Emissions'!$C:$C,0)),INDEX('Hotel Emissions'!$AG:$AG,MATCH(D155,'Hotel Emissions'!$C:$C,0))) -> 94.792983
B156: San Marino | C156: San Marino | D156: =_xlfn.IFNA(INDEX($M$19:$M$149,MATCH(B156,$L$19:$L$149,0)),B156) -> Italy | E156: =INDEX('Hotel Emissions'!$G:$G,MATCH(D156,'Hotel Emissions'!$C:$C,0)) -> 27.989398 | F156: =IF(INDEX('Hotel Emissions'!$O:$O,MATCH(D156,'Hotel Emissions'!$C:$C,0))="",INDEX('Hotel Emissions'!$T:$T,MATCH(D156,'Hotel Emissions'!$C:$C,0)),INDEX('Hotel Emissions'!$O:$O,MATCH(D156,'Hotel Emissions'!$C:$C,0))) -> 12.873281 | G156: =IF(INDEX('Hotel Emissions'!$X:$X,MATCH(D156,'Hotel Emissions'!$C:$C,0))="",INDEX('Hotel Emissions'!$AC:$AC,MATCH(D156,'Hotel Emissions'!$C:$C,0)),INDEX('Hotel Emissions'!$X:$X,MATCH(D156,'Hotel Emissions'!$C:$C,0))) -> 20.311051 | H156: =IF(INDEX('Hotel Emissions'!AG:$AG,MATCH(D156,'Hotel Emissions'!$C:$C,0))="",INDEX('Hotel Emissions'!$AL:$AL,MATCH(D156,'Hotel Emissions'!$C:$C,0)),INDEX('Hotel Emissions'!$AG:$AG,MATCH(D156,'Hotel Emissions'!$C:$C,0))) -> 86.727745
B157: Sao Tome & Principe | C157: Sao Tome | D157: =_xlfn.IFNA(INDEX($M$19:$M$149,MATCH(B157,$L$19:$L$149,0)),B157) -> Morocco | E157: =INDEX('Hotel Emissions'!$G:$G,MATCH(D157,'Hotel Emissions'!$C:$C,0)) -> 64.786712 | F157: =IF(INDEX('Hotel Emissions'!$O:$O,MATCH(D157,'Hotel Emissions'!$C:$C,0))="",INDEX('Hotel Emissions'!$T:$T,MATCH(D157,'Hotel Emissions'!$C:$C,0)),INDEX('Hotel Emissions'!$O:$O,MATCH(D157,'Hotel Emissions'!$C:$C,0))) -> 22.421331 | G157: =IF(INDEX('Hotel Emissions'!$X:$X,MATCH(D157,'Hotel Emissions'!$C:$C,0))="",INDEX('Hotel Emissions'!$AC:$AC,MATCH(D157,'Hotel Emissions'!$C:$C,0)),INDEX('Hotel Emissions'!$X:$X,MATCH(D157,'Hotel Emissions'!$C:$C,0))) -> 81.787795 | H157: =IF(INDEX('Hotel Emissions'!AG:$AG,MATCH(D157,'Hotel Emissions'!$C:$C,0))="",INDEX('Hotel Emissions'!$AL:$AL,MATCH(D157,'Hotel Emissions'!$C:$C,0)),INDEX('Hotel Emissions'!$AG:$AG,MATCH(D157,'Hotel Emissions'!$C:$C,0))) -> 105.55114
B158: Saudi Arabia | C158: Riyadh | D158: =_xlfn.IFNA(INDEX($M$19:$M$149,MATCH(B158,$L$19:$L$149,0)),B158) -> Saudi Arabia | E158: =INDEX('Hotel Emissions'!$G:$G,MATCH(D158,'Hotel Emissions'!$C:$C,0)) -> 115.93365 | F158: =IF(INDEX('Hotel Emissions'!$O:$O,MATCH(D158,'Hotel Emissions'!$C:$C,0))="",INDEX('Hotel Emissions'!$T:$T,MATCH(D158,'Hotel Emissions'!$C:$C,0)),INDEX('Hotel Emissions'!$O:$O,MATCH(D158,'Hotel Emissions'!$C:$C,0))) -> 47.451414 | G158: =IF(INDEX('Hotel Emissions'!$X:$X,MATCH(D158,'Hotel Emissions'!$C:$C,0))="",INDEX('Hotel Emissions'!$AC:$AC,MATCH(D158,'Hotel Emissions'!$C:$C,0)),INDEX('Hotel Emissions'!$X:$X,MATCH(D158,'Hotel Emissions'!$C:$C,0))) -> 122.42687 | H158: =IF(INDEX('Hotel Emissions'!AG:$AG,MATCH(D158,'Hotel Emissions'!$C:$C,0))="",INDEX('Hotel Emissions'!$AL:$AL,MATCH(D158,'Hotel Emissions'!$C:$C,0)),INDEX('Hotel Emissions'!$AG:$AG,MATCH(D158,'Hotel Emissions'!$C:$C,0))) -> 147.7027
B159: Senegal | C159: Dakar | D159: =_xlfn.IFNA(INDEX($M$19:$M$149,MATCH(B159,$L$19:$L$149,0)),B159) -> Morocco | E159: =INDEX('Hotel Emissions'!$G:$G,MATCH(D159,'Hotel Emissions'!$C:$C,0)) -> 64.786712 | F159: =IF(INDEX('Hotel Emissions'!$O:$O,MATCH(D159,'Hotel Emissions'!$C:$C,0))="",INDEX('Hotel Emissions'!$T:$T,MATCH(D159,'Hotel Emissions'!$C:$C,0)),INDEX('Hotel Emissions'!$O:$O,MATCH(D159,'Hotel Emissions'!$C:$C,0))) -> 22.421331 | G159: =IF(INDEX('Hotel Emissions'!$X:$X,MATCH(D159,'Hotel Emissions'!$C:$C,0))="",INDEX('Hotel Emissions'!$AC:$AC,MATCH(D159,'Hotel Emissions'!$C:$C,0)),INDEX('Hotel Emissions'!$X:$X,MATCH(D159,'Hotel Emissions'!$C:$C,0))) -> 81.787795 | H159: =IF(INDEX('Hotel Emissions'!AG:$AG,MATCH(D159,'Hotel Emissions'!$C:$C,0))="",INDEX('Hotel Emissions'!$AL:$AL,MATCH(D159,'Hotel Emissions'!$C:$C,0)),INDEX('Hotel Emissions'!$AG:$AG,MATCH(D159,'Hotel Emissions'!$C:$C,0))) -> 105.55114
B160: Serbia | C160: Belgrade | D160: =_xlfn.IFNA(INDEX($M$19:$M$149,MATCH(B160,$L$19:$L$149,0)),B160) -> Romania | E160: =INDEX('Hotel Emissions'!$G:$G,MATCH(D160,'Hotel Emissions'!$C:$C,0)) -> 23.759309 | F160: =IF(INDEX('Hotel Emissions'!$O:$O,MATCH(D160,'Hotel Emissions'!$C:$C,0))="",INDEX('Hotel Emissions'!$T:$T,MATCH(D160,'Hotel Emissions'!$C:$C,0)),INDEX('Hotel Emissions'!$O:$O,MATCH(D160,'Hotel Emissions'!$C:$C,0))) -> 16.910411 | G160: =IF(INDEX('Hotel Emissions'!$X:$X,MATCH(D160,'Hotel Emissions'!$C:$C,0))="",INDEX('Hotel Emissions'!$AC:$AC,MATCH(D160,'Hotel Emissions'!$C:$C,0)),INDEX('Hotel Emissions'!$X:$X,MATCH(D160,'Hotel Emissions'!$C:$C,0))) -> 41.238181 | H160: =IF(INDEX('Hotel Emissions'!AG:$AG,MATCH(D160,'Hotel Emissions'!$C:$C,0))="",INDEX('Hotel Emissions'!$AL:$AL,MATCH(D160,'Hotel Emissions'!$C:$C,0)),INDEX('Hotel Emissions'!$AG:$AG,MATCH(D160,'Hotel Emissions'!$C:$C,0))) -> 94.792983
B161: Sierra Leone | C161: Freetown | D161: =_xlfn.IFNA(INDEX($M$19:$M$149,MATCH(B161,$L$19:$L$149,0)),B161) -> Morocco | E161: =INDEX('Hotel Emissions'!$G:$G,MATCH(D161,'Hotel Emissions'!$C:$C,0)) -> 64.786712 | F161: =IF(INDEX('Hotel Emissions'!$O:$O,MATCH(D161,'Hotel Emissions'!$C:$C,0))="",INDEX('Hotel Emissions'!$T:$T,MATCH(D161,'Hotel Emissions'!$C:$C,0)),INDEX('Hotel Emissions'!$O:$O,MATCH(D161,'Hotel Emissions'!$C:$C,0))) -> 22.421331 | G161: =IF(INDEX('Hotel Emissions'!$X:$X,MATCH(D161,'Hotel Emissions'!$C:$C,0))="",INDEX('Hotel Emissions'!$AC:$AC,MATCH(D161,'Hotel Emissions'!$C:$C,0)),INDEX('Hotel Emissions'!$X:$X,MATCH(D161,'Hotel Emissions'!$C:$C,0))) -> 81.787795 | H161: =IF(INDEX('Hotel Emissions'!AG:$AG,MATCH(D161,'Hotel Emissions'!$C:$C,0))="",INDEX('Hotel Emissions'!$AL:$AL,MATCH(D161,'Hotel Emissions'!$C:$C,0)),INDEX('Hotel Emissions'!$AG:$AG,MATCH(D161,'Hotel Emissions'!$C:$C,0))) -> 105.55114
... B205: South Africa | C205: Johannesburg | D205: =_xlfn.IFNA(INDEX($M$19:$M$149,MATCH(B205,$L$19:$L$149,0)),B205) -> South Africa | E205: =INDEX('Hotel Emissions'!$G:$G,MATCH(D205,'Hotel Emissions'!$C:$C,0)) -> 103.55038 | F205: =IF(INDEX('Hotel Emissions'!$O:$O,MATCH(D205,'Hotel Emissions'!$C:$C,0))="",INDEX('Hotel Emissions'!$T:$T,MATCH(D205,'Hotel Emissions'!$C:$C,0)),INDEX('Hotel Emissions'!$O:$O,MATCH(D205,'Hotel Emissions'!$C:$C,0))) -> 16.910411 | G205: =IF(INDEX('Hotel Emissions'!$X:$X,MATCH(D205,'Hotel Emissions'!$C:$C,0))="",INDEX('Hotel Emissions'!$AC:$AC,MATCH(D205,'Hotel Emissions'!$C:$C,0)),INDEX('Hotel Emissions'!$X:$X,MATCH(D205,'Hotel Emissions'!$C:$C,0))) -> 66.543957 | H205: =IF(INDEX('Hotel Emissions'!AG:$AG,MATCH(D205,'Hotel Emissions'!$C:$C,0))="",INDEX('Hotel Emissions'!$AL:$AL,MATCH(D205,'Hotel Emissions'!$C:$C,0)),INDEX('Hotel Emissions'!$AG:$AG,MATCH(D205,'Hotel Emissions'!$C:$C,0))) -> 94.792983

Sheet Travel Matrix
B2: Travel Matrix
B4: Distance (km)
D5: Afghanistan | E5: Algeria | F5: Andorra | G5: Angola | H5: Antigua and Barbuda | I5: Argentina | J5: Armenia | K5: Australia | L5: Austria | M5: Azerbaijan | N5: Bahamas | O5: Bahrain | P5: Bangladesh | Q5: Barbados | R5: Belarus | S5: Belgium | T5: Belize | U5: Benin | V5: Bhutan | W5: Bolivia | X5: Bosnia and Herzegovina | Y5: Botswana | Z5: Brazil | AA5: Brazil | AB5: Brunei | AC5: Bulgaria | AD5: Burkina Faso | AE5: Burundi | AF5: Cabo Verde | AG5: Cambodia | AH5: Cameroon | AI5: Cameroon | AJ5: Canada | AK5: Canada | AL5: Central African Republic | AM5: Chad | AN5: Chile | AO5: China | AP5: China | AQ5: Colombia | AR5: Comoros | AS5: Congo | AT5: Congo | AU5: Costa Rica | AV5: Côte d'Ivoire | AW5: Croatia | AX5: Cuba | AY5: Cyprus | AZ5: Czechia | BA5: Denmark | BB5: Djibouti | BC5: Dominica | BD5: Dominican Republic | BE5: DR Congo | BF5: Ecuador | BG5: Egypt | BH5: El Salvador | BI5: Equatorial Guinea | BJ5: Eritrea | BK5: Estonia | BL5: Eswatini | BM5: Ethiopia | BN5: Finland | BO5: France | BP5: Gabon | BQ5: Gambia | BR5: Georgia | BS5: Germany | BT5: Germany | BU5: Germany | BV5: Ghana | BW5: Greece | BX5: Grenada | BY5: Guatemala | BZ5: Guinea | CA5: Guinea-Bissau | CB5: Guyana | CC5: Haiti | CD5: Honduras | CE5: Hungary | CF5: Iceland | CG5: India | CH5: India | CI5: Indonesia | CJ5: Iran | CK5: Iraq | CL5: Ireland | CM5: Israel | CN5: Italy | CO5: Italy | CP5: Jamaica | CQ5: Japan | CR5: Jordan | CS5: Kazakhstan | CT5: Kenya | CU5: Kuwait | CV5: Kyrgyzstan | CW5: Laos | CX5: Latvia | CY5: Lebanon | CZ5: Lesotho | DA5: Liberia | DB5: Libya | DC5: Liechtenstein | DD5: Lithuania | DE5: Luxembourg | DF5: Madagascar | DG5: Malawi | DH5: Malaysia | DI5: Maldives | DJ5: Mali | DK5: Malta | DL5: Mauritania | DM5: Mauritius | DN5: Mexico | DO5: Moldova | DP5: Monaco | DQ5: Mongolia | DR5: Montenegro | DS5: Morocco | DT5: Mozambique | DU5: Myanmar | DV5: Namibia | DW5: Nepal | DX5: Netherlands | DY5: New Zealand | DZ5: New Zealand | EA5: Nicaragua | EB5: Niger | EC5: Nigeria | ED5: North Korea | EE5: North Macedonia | EF5: Norway | EG5: Oman | EH5: Pakistan | EI5: Pakistan | EJ5: Panama | EK5: Paraguay | EL5: Peru | EM5: Philippines | EN5: Poland | EO5: Portugal | EP5: Qatar | EQ5: Romania | ER5: Russia | ES5: Rwanda | ET5: Saint Kitts and Nevis | EU5: Saint Lucia | EV5: Saint Vincent and the Grenadines | EW5: San Marino | EX5: Sao Tome & Principe | EY5: Saudi Arabia | EZ5: Senegal | FA5: Serbia | FB5: Sierra Leone | FC5: Singapore | FD5: Slovakia | FE5: Slovenia | FF5: Somalia | FG5: South Africa | FH5: South Korea | FI5: South Sudan | FJ5: Spain | FK5: Spain | FL5: Sri Lanka | FM5: Sudan | FN5: Suriname | FO5: Sweden | FP5: Switzerland | FQ5: Syria | FR5: Taiwan | FS5: Tajikistan | FT5: Tanzania | FU5: Thailand | FV5: Timor-Leste | FW5: Togo | FX5: Trinidad and Tobago | FY5: Tunisia | FZ5: Turkey | GA5: Turkmenistan | GB5: Uganda | GC5: Ukraine | GD5: United Arab Emirates | GE5: United Kingdom | GF5: United States | GG5: United States | GH5: United States | GI5: United States | GJ5: Uruguay | GK5: Uzbekistan | GL5: Venezuela | GM5: Vietnam | GN5: Yemen | GO5: Zambia | GP5: Zimbabwe | GQ5: Vietnam | GR5: Australia | GS5: Switzerland | GT5: South Africa
D6: Kabul | E6: Algiers | F6: Andorra la Vella | G6: Luanda | H6: Saint John's | I6: Buenos Aires | J6: Yerevan | K6: Sydney | L6: Vienna | M6: Baku | N6: Nassau | O6: Manama | P6: Dhaka | Q6: Bridgetown | R6: Minsk | S6: Brussels | T6: Belmopan | U6: Porto Novo | V6: Thimphu | W6: La Paz | X6: Sarajevo | Y6: Gaborone | Z6: Sao Paulo | AA6: Rio de Janerio | AB6: Bandar Seri Begawan | AC6: Sofia | AD6: Ouagadougou | AE6: Bujumbura | AF6: Praia | AG6: Phnom Penh | AH6: Doula | AI6: Yaounde | AJ6: Toronto | AK6: Ottawa | AL6: Bangui | AM6: N'Djamena | AN6: Santiago | AO6: Shanghai | AP6: Beijing | AQ6: Bogota | AR6: Moroni | AS6: Kinshasa | AT6: Brazzaville | AU6: San Jose | AV6: Abidjan | AW6: Zagreb | AX6: Havana | AY6: Nicosia | AZ6: Prague | BA6: Copenhagen | BB6: Djibouti | BC6: Roseau | BD6: Santo Domingo | BE6: Kinshasa | BF6: Quito | BG6: Cairo | BH6: San Salvador | BI6: Malabo | BJ6: Asmara | BK6: Tallinn | BL6: Mbabane | BM6: Addis Ababa | BN6: Helsinki | BO6: Paris | BP6: Libreville | BQ6: Banjul | BR6: T'bilisi | BS6: Berlin | BT6: Munich | BU6: Frankfurt | BV6: Accra | BW6: Athens | BX6: Saint George's | BY6: Guatemala | BZ6: Conakry | CA6: Bissau | CB6: Georgetown | CC6: Port-au-Prince | CD6: Tegucigalpa | CE6: Budapest | CF6: Reykjavik | CG6: Mumbai | CH6: New Delhi | CI6: Jakarta | CJ6: Tehran | CK6: Baghdad | CL6: Dublin | CM6: Jerusalem | CN6: Rome | CO6: Milan | CP6: Kingston | CQ6: Tokyo | CR6: Amman | CS6: Astana | CT6: Nairobi | CU6: Kuwait | CV6: Bishkek | CW6: Vientiane | CX6: Riga | CY6: Beirut | CZ6: Maseru | DA6: Monrovia | DB6: Tripoli | DC6: Vaduz | DD6: Vilnius | DE6: Luxembourg | DF6: Antananarivo | DG6: Lilongwe | DH6: Kuala Lumpur | DI6: Male | DJ6: Bamako | DK6: Valletta | DL6: Nouakchott | DM6: Port Louis | DN6: Mexico | DO6: Chisinau | DP6: Monaco | DQ6: Ulaanbaatar | DR6: Podgorica | DS6: Rabat | DT6: Maputo | DU6: Yangon | DV6: Windhoek | DW6: Kathmandu | DX6: Amsterdam | DY6: Auckland | DZ6: Wellington | EA6: Managua | EB6: Niamey | EC6: Abuja | ED6: Pyongyang | EE6: Skopje | EF6: Oslo | EG6: Masqat | EH6: Karachi | EI6: Islamabad | EJ6: Panama | EK6: Asuncion | EL6: Lima | EM6: Manila | EN6: Warsaw | EO6: Lisbon | EP6: Doha | EQ6: Bucharest | ER6: Moscow | ES6: Kigali | ET6: Basseterre | EU6: Castries | EV6: Kingstown | EW6: San Marino | EX6: Sao Tome | EY6: Riyadh | EZ6: Dakar | FA6: Belgrade | FB6: Freetown | FC6: Singapore | FD6: Bratislava | FE6: Ljubljana | FF6: Mogadishu | FG6: Pretoria | FH6: Seoul | FI6: Juba | FJ6: Madrid | FK6: Barcelona | FL6: Colombo | FM6: Khartoum | FN6: Paramaribo | FO6: Stockholm | FP6: Bern | FQ6: Damascus | FR6: Taipei City | FS6: Dushanbe | FT6: Dar es Salaam | FU6: Bangkok | FV6: Dili | FW6: Lome | FX6: Port of Spain | FY6: Tunis | FZ6: Ankara | GA6: Ashgabat | GB6: Kampala | GC6: Kiev | GD6: Abu Dhabi | GE6: London | GF6: Los Angeles | GG6: New York | GH6: Boston | GI6: Washington | GJ6: Montevideo | GK6: Tashkent | GL6: Caracas | GM6: Hanoi | GN6: Sanaa | GO6: Lusaka | GP6: Harare | GQ6: Ho Chi Minh City | GR6: Canberra | GS6: Zurich | GT6: Johannesburg
B7: Afghanistan | C7: Kabul | D7: - | E7: 5871.7357 | F7: 5826.8209 | G7: 7564.021 | H7: 12297.571 | I7: 15444.584 | J7: 2281.6076 | K7: 11401.738 | L7: 4583.6082 | M7: 1849.2851 | N7: 12521.068 | O7: 2019.1734 | P7: 2379.6261 | Q7: 12442.288 | R7: 3892.9546 | S7: 5435.7213 | T7: 13813.572 | U7: 7481.6564 | V7: 2086.8831 | W7: 15309.701 | X7: 4446.8463 | Y7: 7985.1165 | Z7: 13749.546 | AA7: 13401.198 | AB7: 5765.3856 | AC7: 4053.0751 | AD7: 7459.3682 | AE7: 5894.9228 | AF7: 9293.445 | AG7: 4396.997 | AH7: 6967.5383 | AI7: 6858.7337 | AJ7: 10775.641 | AK7: 10475.971 | AL7: 6199.0754 | AM7: 6010.6523 | AN7: 16295.194 | AO7: 4853.3314 | AP7: 4179.4438 | AQ7: 14238.471 | AR7: 5771.3191 | AS7: 7075.3505 | AT7: 7073.7309 | AU7: 14377.847 | AV7: 8125.3105 | AW7: 4643.1099 | AX7: 12953.951 | AY7: 3262.0863 | AZ7: 4728.9397 | BA7: 4879.7411 | BB7: 3754.4214 | BC7: 12412.6 | BD7: 12716.601 | BE7: 7079.3975 | BF7: 14930.247 | BG7: 3585.5062 | BH7: 14234.391 | BI7: 7114.3924 | BJ7: 3720.9249 | BK7: 4258.2722 | BL7: 7828.224 | BM7: 4203.9262 | BN7: 4267.1577 | BO7: 5611.3284 | BP7: 7263.7912 | BQ7: 8774.4732 | BR7: 2292.634 | BS7: 4801.1806 | BT7: 4927.5009 | BU7: 5123.5962 | BV7: 7762.9991 | BW7: 4086.341 | BX7: 12705.896 | BY7: 14177.225 | BZ7: 8751.005 | CA7: 8798.8217 | CB7: 12860.225 | CC7: 12869.062 | CD7: 14083.074 | CE7: 4371.6159 | CF7: 6654.1631 | CG7: 1731.5886 | CH7: 1005.4064 | CI7: 5956.0888 | CJ7: 1627.9037 | CK7: 2291.5526 | CL7: 6089.3015 | CM7: 9218.7592 | CN7: 4959.7026 | CO7: 5138.9441 | CP7: 13156.946 | CQ7: 6290.2568 | CR7: 3135.4001 | CS7: 1878.625 | CT7: 5206.6482 | CU7: 2066.2554 | CV7: 1029.4338 | CW7: 3777.4497 | CX7: 4184.9988 | CY7: 3105.9942 | CZ7: 8311.2553 | DA7: 8664.7396 | DB7: 5139.5257 | DC7: 5107.4648 | DD7: 4051.766 | DE7: 5316.4562 | DF7: 6311.3255 | DG7: 6557.8108 | DH7: 4813.9472 | DI7: 3394.4527 | DJ7: 8022.1087 | DK7: 4932.5576 | DL7: 6174.6067 | DM7: 6177.122 | DN7: 13938.839 | DO7: 3629.8081 | DP7: 5307.8168 | DQ7: 3467.1139 | DR7: 4375.3727 | DS7: 6807.8971 | DT7: 7704.4332 | DU7: 3348.5237 | DV7: 8360.9251 | DW7: 1710.3814 | DX7: 5393.5566 | DY7: 13464.11 | DZ7: 13603.264 | EA7: 14239.779 | EB7: 7084.4893 | EC7: 6859.0041 | ED7: 4959.4532 | EE7: 4215.5194 | EF7: 5037.5112 | EG7: 1600.412 | EH7: 1060.5888 | EI7: 381.24826 | EJ7: 14160.851 | EK7: 14798.231 | EL7: 15789.881 | EM7: 5632.3433 | EN7: 4273.8374 | EO7: 6801.2697 | EP7: 1988.5109 | EQ7: 3817.1739 | ER7: 3385.7216 | ES7: 5701.0493 | ET7: 12335.07 | EU7: 12460.177 | EV7: 12573.171 | EW7: 4924.054 | EX7: 7526.1764 | EY7: 2450.009 | EZ7: 8791.1607 | FA7: 4272.4357 | FB7: 8782.2368 | FC7: 5135.3421 | FD7: 4520.5047 | FE7: 4735.7039 | FF7: 4357.671 | FG7: 7923.6955 | FH7: 5106.8438 | FI7: 5062.2477 | FJ7: 6274.9003 | FK7: 5785.6002 | FL7: 3235.4754 | FM7: 4233.6789 | FN7: 12688.128 | FO7: 4608.3561 | FP7: 5267.8137 | FQ7: 3031.7615 | FR7: 5115.8737 | FS7: 453.86031 | FT7: 5541.0342 | FU7: 3899.2998 | FV7: 7567.001 | FW7: 7601.5214 | FX7: 12800.296 | FY7: 5268.4695 | FZ7: 3280.3915 | GA7: 1120.6016 | GB7: 5385.3291 | GC7: 3600.3785 | GD7: 1819.0374 | GE7: 5718.5641 | GF7: 12378.336 | GG7: 10861.155 | GH7: 10577.717 | GI7: 11161.466 | GJ7: 15053.283 | GK7: 769.46939 | GL7: 13202.58 | GM7: 3847.9531 | GN7: 3260.8389 | GO7: 7008.1423 | GP7: 7021.2461 | GQ7: 4609.5325 | GR7: 11340.272 | GS7: 5161.4101 | GT7: 7997.952
B8: Algeria | C8: Algiers | D8: 5871.7357 | E8: - | F8: 672.14185 | G8: 5104.5527 | H8: 6666.1824 | I8: 10376.397 | J8: 3590.7635 | K8: 17097.86 | L8: 1686.723 | M8: 4029.279 | N8: 7562.2838 | O8: 4585.3211 | P8: 8249.891 | Q8: 6690.2159 | R8: 2666.5539 | S8: 1569.3389 | T8: 9004.1146 | U8: 3357.6472 | V8: 7948.0452 | W8: 9474.021 | X8: 1511.9466 | Y8: 7168.045 | Z8: 8465.8516 | AA8: 8189.8377 | AB8: 11634.989 | AC8: 1847.8346 | AD8: 2734.0934 | AE8: 5166.6102 | AF8: 3536.1175 | AG8: 10259.803 | AH8: 3662.8424 | AI8: 3757.3164 | AJ8: 6771.8325 | AK8: 6413.4231 | AL8: 3905.105 | AM8: 2939.484 | AN8: 10864.22 | AO8: 10130.614 | AP8: 9148.6376 | AQ8: 8566.0541 | AR8: 6772.7094 | AS8: 4706.0007 | AT8: 4675.0261 | AU8: 9121.369 | AV8: 3530.5394 | AW8: 1453.1739 | AX8: 8110.3971 | AY8: 2715.1751 | AZ8: 1759.5916 | BA8: 2225.2093 | BB8: 4824.1705 | BC8: 6729.1547 | BD8: 7288.1865 | BE8: 4687.7011 | BF8: 9251.7143 | BG8: 2695.2304 | BH8: 9319.3321 | BI8: 3707.9277 | BJ8: 4225.3368 | BK8: 2967.4714 | BL8: 7553.1189 | BM8: 4687.036 | BN8: 3066.021 | BO8: 1345.1479 | BP8: 4072.1309 | BQ8: 3223.3715 | BR8: 3591.4299 | BS8: 1937.6665 | BT8: 1476.4288 | BU8: 1587.3445 | BV8: 3469.6466 | BW8: 1810.8642 | BX8: 6971.4451 | BY8: 9351.5647 | BZ8: 3449.1678 | CA8: 3340.7283 | CB8: 7016.8084 | CC8: 7514.4028 | CD8: 9105.3646 | CE8: 1785.3289 | CF8: 3491.8293 | CG8: 6986.793 | CH8: 6842.0072 | CI8: 11599.813 | CJ8: 4296.7953 | CK8: 3751.8019 | CL8: 1999.9867 | CM8: 3532.5662 | CN8: 977.81044 | CO8: 1128.2082 | CP8: 7919.689 | CQ8: 10833.101 | CR8: 3024.2421 | CS8: 5503.4103 | CT8: 5419.2077 | CU8: 4231.2534 | CV8: 5981.4665 | CW8: 9647.9678 | CX8: 2730.4607 | CY8: 2940.4427 | CZ8: 7720.8695 | DA8: 3634.3636 | DB8: 1014.1401 | DC8: 1292.0533 | DD8: 2617.0971 | DE8: 1460.3837 | DF8: 7676.575 | DG8: 6450.1426 | DH8: 10545.046 | DI8: 7977.1325 | DJ8: 2880.9897 | DK8: 1014.6352 | DL8: 8477.9031 | DM8: 8496.9648 | DN8: 9785.0488 | DO8: 2426.5579 | DP8: 893.44775 | DQ8: 7988.2326 | DR8: 1539.355 | DS8: 939.40705 | DT8: 7544.8742 | DU8: 9201.8951 | DV8: 6697.4629 | DW8: 7582.0297 | DX8: 1761.7295 | DY8: 19271.949 | DZ8: 19095.491 | EA8: 9151.6796 | EB8: 2576.173 | EC8: 3073.4089 | ED8: 9744.011 | EE8: 1680.8768 | EF8: 2626.0436 | EG8: 5447.1573 | EH8: 6143.92 | EI8: 6248.6156 | EJ8: 8731.5046 | EK8: 9316.1504 | EL8: 9930.0746 | EM8: 11403.099 | EN8: 2242.6787 | EO8: 1097.499 | EP8: 4726.9351 | EQ8: 2127.7878 | ER8: 3364.2341 | ES8: 5063.1467 | ET8: 6715.9753 | EU8: 6743.3286 | EV8: 6847.4686 | EW8: 1114.7189 | EX8: 4053.0172 | EY8: 4325.0688 | EZ8: 3181.1967 | FA8: 1711.3836 | FB8: 3532.8651 | FC8: 10876.061 | FD8: 1730.1173 | FE8: 1421.6985 | FF8: 5771.6731 | FG8: 7362.599 | FH8: 9960.7066 | FI8: 4557.7398 | FJ8: 710.82995 | FK8: 557.62971 | FL8: 8369.6133 | FM8: 3726.0358 | FN8: 6823.5115 | FO8: 2753.4683 | FP8: 1181.1297 | FQ8: 3025.1016 | FR8: 10623.392 | FS8: 5657.3341 | FT8: 6110.1272 | FU8: 9754.3332 | FV8: 13418.352 | FW8: 3377.972 | FX8: 7039.4589 | FY8: 628.62305 | FZ8: 2593.438 | GA8: 4752.2618 | GB8: 5028.4745 | GC8: 2662.1866 | GD8: 5028.6036 | GE8: 1679.676 | GF8: 10097.764 | GG8: 6496.921 | GH8: 6201.1864 | GI8: 6813.9653 | GJ8: 9985.9318 | GK8: 5606.632 | GL8: 7512.1799 | GM8: 9677.8437 | GN8: 4681.5203 | GO8: 6323.2592 | GP8: 6668.6592 | GQ8: 10477.408 | GR8: 16966.539 | GS8: 1298.6718 | GT8: 7437.8973
B9: Andorra | C9: Andorra la Vella | D9: 5826.8209 | E9: 672.14185 | F9: - | G9: 5776.4913 | H9: 6544.0358 | I9: 10725.676 | J9: 3566.5206 | K9: 17218.213 | L9: 1330.779 | M9: 3981.6891 | N9: 7257.6251 | O9: 4775.2715 | P9: 8198.0791 | Q9: 6631.6669 | R9: 2282.7887 | S9: 938.13796 | T9: 8701.8299 | U9: 4013.3784 | V9: 7863.0472 | W9: 9613.3867 | X9: 1383.6385 | Y9: 7829.9455 | Z9: 8822.5064 | AA9: 8568.7979 | AB9: 11571.598 | AC9: 1792.2628 | AD9: 3363.2096 | AE9: 5781.8451 | AF9: 3842.616 | AG9: 10218.374 | AH9: 4334.9792 | AI9: 4428.9019 | AJ9: 6287.4509 | AK9: 5926.9264 | AL9: 4557.9958 | AM9: 3596.1453 | AN9: 11128.087 | AO9: 9807.428 | AP9: 8797.9354 | AQ9: 8477.7973 | AR9: 7336.8574 | AS9: 5375.0118 | AT9: 5344.2398 | AU9: 8913.1927 | AV9: 4144.0808 | AW9: 1194.3472 | AX9: 7794.4566 | AY9: 2865.4682 | AZ9: 1310.9394 | BA9: 1660.3045 | BB9: 5260.2581 | BC9: 6632.26 | BD9: 7097.9018 | BE9: 5356.9113 | BF9: 9171.5335 | BG9: 2984.695 | BH9: 9043.5953 | BI9: 4379.4807 | BJ9: 4656.1634 | BK9: 2461.8797 | BL9: 8204.4587 | BM9: 5173.1084 | BN9: 2551.8971 | BO9: 691.70309 | BP9: 4743.8915 | BQ9: 3651.2918 | BR9: 3537.8668 | BS9: 1425.5689 | BT9: 1030.7262 | BU9: 1034.8884 | BV9: 4112.0268 | BW9: 1953.0126 | BX9: 6903.5585 | BY9: 9060.1694 | BZ9: 3946.1078 | CA9: 3796.996 | CB9: 7035.3265 | CC9: 7305.3476 | CD9: 8837.0041 | CE9: 1500.3106 | CF9: 2827.6392 | CG9: 7097.7749 | CH9: 6822.4986 | CI9: 11701.248 | CJ9: 4330.3707 | CK9: 3867.9499 | CL9: 1332.7326 | CM9: 3411.0903 | CN9: 910.95118 | CO9: 721.18434 | CP9: 7685.8674 | CQ9: 10369.724 | CR9: 3238.9152 | CS9: 5218.7392 | CT9: 5981.4131 | CU9: 4389.6746 | CV9: 5802.4373 | CW9: 9567.3415 | CX9: 2262.5126 | CY9: 3113.4111 | CZ9: 8383.0799 | DA9: 4182.1735 | DB9: 1503.6478 | DC9: 823.99512 | DD9: 2198.4077 | DE9: 867.21181 | DF9: 8246.1601 | DG9: 7072.2306 | DH9: 10600.637 | DI9: 8229.9224 | DJ9: 3441.0996 | DK9: 1350.1631 | DL9: 9001.7625 | DM9: 9020.0565 | DN9: 9400.9796 | DO9: 2227.7815 | DP9: 520.89773 | DQ9: 7617.817 | DR9: 1471.2904 | DS9: 1164.386 | DT9: 8192.1073 | DU9: 9175.1344 | DV9: 7369.0286 | DW9: 7522.3255 | DX9: 1129.1931 | DY9: 19189.944 | DZ9: 19427.847 | EA9: 8906.6662 | EB9: 3229.8885 | EC9: 3744.5626 | ED9: 9346.0365 | EE9: 1640.1448 | EF9: 2016.5644 | EG9: 5613.169 | EH9: 6229.6716 | EI9: 6193.0954 | EJ9: 8561.8555 | EK9: 9604.8566 | EL9: 9966.2232 | EM9: 11207.705 | EN9: 1834.4547 | EO9: 982.14601 | EP9: 4922.2579 | EQ9: 2009.7208 | ER9: 2990.5325 | ES9: 5668.5663 | ET9: 6588.8539 | EU9: 6664.1941 | EV9: 6773.9017 | EW9: 903.82186 | EX9: 4720.9102 | EY9: 4570.4789 | EZ9: 3585.9998 | FA9: 1554.4324 | FB9: 4039.2255 | FC9: 10929 | FD9: 1388.168 | FE9: 1115.7233 | FF9: 6251.5363 | FG9: 8020.0995 | FH9: 9566.7758 | FI9: 5126.2462 | FJ9: 459.61783 | FK9: 124.79335 | FL9: 8548.4327 | FM9: 4215.8242 | FN9: 6878.2824 | FO9: 2201.7819 | FP9: 669.16009 | FQ9: 3196.6086 | FR9: 10343.275 | FS9: 5560.8773 | FT9: 6678.6194 | FU9: 9725.1777 | FV9: 13388.018 | FW9: 4027.4976 | FX9: 6987.9382 | FY9: 992.87207 | FZ9: 2625.1383 | GA9: 4711.6469 | GB9: 5612.9703 | GC9: 2376.6105 | GD9: 5213.796 | GE9: 1011.6465 | GF9: 9531.6975 | GG9: 6057.292 | GH9: 5755.3024 | GI9: 6380.2724 | GJ9: 10346.547 | GK9: 5467.5153 | GL9: 7424.288 | GM9: 9543.8864 | GN9: 5058.4904 | GO9: 6968.5253 | GP9: 7307.4477 | GQ9: 10424.358 | GR9: 17133.25 | GS9: 800.35885 | GT9: 8096.2836
B10: Angola | C10: Luanda | D10: 7564.021 | E10: 5104.5527 | F10: 5776.4913 | G10: - | H10: 8716.3548 | I10: 7942.061 | J10: 6280.7669 | K10: 13539.833 | L10: 6303.0834 | M10: 6586.3652 | N10: 10441.47 | O10: 5558.8947 | P10: 9089.0771 | Q10: 8350.638 | R10: 7024.343 | S10: 6618.2476 | T10: 11494.172 | U10: 2024.3121 | V10: 9110.6539 | W10: 8817.4372 | X10: 5807.3664 | Y10: 2210.0877 | Z10: 6558.9108 | AA10: 6199.8915 | AB10: 11382.291 | AC10: 5756.7157 | AD10: 2797.033 | AE10: 1869.3247 | AF10: 4797.1936 | AG10: 10338.254 | AH10: 1446.6734 | AI10: 1349.1842 | AJ10: 10863.282 | AK10: 10566.605 | AL10: 1528.4498 | AM10: 2296.1392 | AN10: 8893.6726 | AO10: 12233.312 | AP10: 11724.953 | AQ10: 9766.3513 | AR10: 3301.0186 | AS10: 521.9025 | AT10: 536.51264 | AU10: 10942.687 | AV10: 2448.7792 | AW10: 6009.4336 | AX10: 10922.336 | AY10: 5287.8141 | AZ10: 6511.2899 | BA10: 7106.8658 | BB10: 3881.5936 | BC10: 8606.9788 | BD10: 9546.8247 | BE10: 526.73003 | BF10: 10170.037 | BG10: 4694.0895 | BH10: 11541.084 | BI10: 1425.3102 | BJ10: 3843.6001 | BK10: 7597.8834 | BL10: 2727.4078 | BM10: 3410.0969 | BN10: 7705.4988 | BO10: 6428.3379 | BP10: 1064.145 | BQ10: 4063.3997 | BR10: 6407.5681 | BS10: 6760.6583 | BT10: 6299.4209 | BU10: 6531.6097 | BV10: 2125.3699 | BW10: 5234.8707 | BX10: 8587.1068 | BY10: 11671.861 | BZ10: 3551.9905 | CA10: 3863.2558 | CB10: 8074.3069 | CC10: 9820.0602 | CD10: 11337.682 | CE10: 6230.9014 | CF10: 8580.5113 | CG10: 7226.1484 | CH10: 7989.232 | CI10: 10262.913 | CJ10: 6312.9229 | CK10: 5687.3612 | CL10: 7100.3295 | CM10: 6799.2326 | CN10: 5564.8872 | CO10: 6013.5832 | CP10: 10262.004 | CQ10: 13835.167 | CR10: 5050.9978 | CS10: 8641.9814 | CT10: 2708.5537 | CU10: 5620.3796 | CV10: 8398.3849 | CW10: 10202.892 | CX10: 7300.3697 | CY10: 5227.0499 | CZ10: 2733.3777 | DA10: 3085.751 | DB10: 4557.8879 | DC10: 6191.8844 | DD10: 7082.3102 | DE10: 6471.52 | DF10: 3850.123 | DG10: 2298.6042 | DH10: 9866.1493 | DI10: 6810.2242 | DJ10: 3256.2343 | DK10: 4898.5359 | DL10: 4912.0559 | DM10: 4933.6207 | DN10: 12645.096 | DO10: 6365.3261 | DP10: 5837.322 | DQ10: 10987.897 | DR10: 5698.3653 | DS10: 5176.8706 | DT10: 2778.0514 | DU10: 9542.5639 | DV10: 1595.1704 | DW10: 8709.4154 | DX10: 6802.619 | DY10: 14618.464 | DZ10: 14166.627 | EA10: 11212.57 | EB10: 2712.8326 | EC10: 2055.526 | ED10: 12509.004 | EE10: 5676.8925 | EF10: 7570.6363 | EG10: 6057.9607 | EH10: 6919.96 | EI10: 7850.7983 | EJ10: 10415.747 | EK10: 7644.8973 | EL10: 9827.866 | EM10: 12152.79 | EN10: 6783.2656 | EO10: 5703.649 | EP10: 5576.8794 | EQ10: 6010.6769 | ER10: 7493.9845 | ES10: 2021.322 | ET10: 8778.7352 | EU10: 8509.1707 | EV10: 8542.2539 | EW10: 5788.3332 | EX10: 1214.6509 | EY10: 5139.2597 | EZ10: 4209.8257 | FA10: 5937.8343 | FB10: 3463.1327 | FC10: 10103.406 | FD10: 6305.418 | FE10: 6065.71 | FF10: 3745.7505 | FG10: 2461.2917 | FH10: 12638.845 | FI10: 2526.1438 | FJ10: 5682.6944 | FK10: 5659.2381 | FL10: 7590.5305 | FM10: 3388.9372 | FN10: 7725.1519 | FO10: 7540.5323 | FP10: 6151.1672 | FQ10: 5247.0749 | FR10: 12255.93 | FS10: 7731.7486 | FT10: 2886.1828 | FU10: 9921.873 | FV10: 12269.88 | FW10: 2094.5815 | FX10: 8529.4145 | FY10: 5013.8441 | FZ10: 5706.4398 | GA10: 6916.9266 | GB10: 2331.809 | GC10: 6745.0062 | GD10: 5755.9529 | GE10: 6775.6899 | GF10: 14305.501 | GG10: 10385.026 | GH10: 10172.267 | GI10: 10614.45 | GJ10: 7576.6811 | GK10: 7937.0189 | GL10: 9063.9942 | GM10: 10587.709 | GN10: 4328.8948 | GO10: 1797.6686 | GP10: 2173.7671 | GQ10: 10560.626 | GR10: 13313.71 | GS10: 6229.8866 | GT10: 2518.3549
B11: Antigua and Barbuda | C11: Saint John's | D11: 12297.571 | E11: 6666.1824 | F11: 6544.0358 | G11: 8716.3548 | H11: - | I11: 5943.1832 | J11: 10094.984 | K11: 16254.193 | L11: 7721.5183 | M11: 10489.842 | N11: 1819.1324 | O11: 11251 | P11: 14582.212 | Q11: 528.33833 | R11: 8429.1244 | S11: 6862.1281 | T11: 2809.188 | U11: 7072.6802 | V11: 14184.988 | W11: 3768.0094 | X11: 7919.8382 | Y11: 10533.925 | Z11: 4814.8734 | AA11: 4891.7167 | AB11: 17583.925 | AC11: 8334.0984 | AD11: 6512.7169 | AE11: 10219.189 | AF11: 4113.8776 | AG11: 16513.512 | AH11: 7915.0207 | AI11: 8107.4444 | AJ11: 3385.2911 | AK11: 3375.3061 | AL11: 8827.9039 | AM11: 8193.1121 | AN11: 5673.0942 | AO11: 14628.169 | AP11: 13710.383 | AQ11: 1943.1864 | AR11: 11953.123 | AS11: 8791.8069 | AT11: 8763.1063 | AU11: 2540.4541 | AV11: 6416.688 | AW11: 7689.5705 | AX11: 2226.3644 | AY11: 9370.0411 | AZ11: 7568.8269 | BA11: 7453.4195 | BB11: 11102.076 | BC11: 222.90283 | BD11: 831.26417 | BE11: 8770.1184 | BF11: 2637.6813 | BG11: 9342.4245 | BH11: 2950.8513 | BI11: 7806.3951 | BJ11: 10576.609 | BK11: 8170.9467 | BL11: 11117.024 | BM11: 10786.53 | BN11: 8190.9118 | BO11: 6688.7619 | BP11: 7993.777 | BQ11: 4884.1794 | BR11: 10050.874 | BS11: 7501.4714 | BT11: 7377.3898 | BU11: 7174.0383 | BV11: 6836.8492 | BW11: 8453.0029 | BX11: 563.13265 | BY11: 3049.4194 | BZ11: 5292.7086 | CA11: 5027.2012 | CB11: 1248.1597 | CC11: 1106.1052 | CD11: 2729.2108 | CE11: 7939.4483 | CF11: 6039.6081 | CG11: 13637.15 | CH11: 13302.84 | CI11: 18243.348 | CJ11: 10872.127 | CK11: 10397.138 | CL11: 6233.3109 | CM11: 3142.3932 | CN11: 7449.4294 | CO11: 7191.7407 | CP11: 1556.8267 | CQ11: 13718.171 | CR11: 9690.082 | CS11: 11168.835 | CT11: 10929.918 | CU11: 10894.7 | CV11: 12016.009 | CW11: 15784.007 | CX11: 8179.1776 | CY11: 9603.0564 | CZ11: 10844.548 | DA11: 5707.5087 | DB11: 7606.7009 | DC11: 7205.0002 | DD11: 8278.0931 | DE11: 6982.0328 | DF11: 12565.98 | DG11: 11013.193 | DH11: 17110.981 | DI11: 14557.642 | DJ11: 5845.098 | DK11: 7679.9633 | DL11: 13628.105 | DM11: 13649.619 | DN11: 3936.2632 | DO11: 8677.033 | DP11: 7048.1112 | DQ11: 12696.756 | DR11: 8014.7086 | DS11: 5754.6653 | DT11: 11223.065 | DU11: 15573.882 | DV11: 9634.4181 | DW11: 13917.406 | DX11: 6910.2592 | DY11: 14086.821 | DZ11: 14055.877 | EA11: 2678.8115 | EB11: 6841.161 | EC11: 7509.9051 | ED11: 13720.826 | EE11: 8184.0723 | EF11: 7378.0896 | EG11: 12113.218 | EH11: 12773.363 | EI11: 12639.964 | EJ11: 2088.8387 | EK11: 4720.3382 | EL11: 3641.263 | EM11: 16496.392 | EN11: 8029.557 | EO11: 5613.8859 | EP11: 11391.677 | EQ11: 8528.4274 | ER11: 9016.1823 | ES11: 10259.318 | ET11: 62.935666 | EU11: 370.17676 | EV11: 454.00406 | EW11: 7440.4783 | EX11: 7695.6821 | EY11: 10973.42 | EZ11: 4768.3132 | FA11: 8074.8826 | FB11: 5355.4522 | FC11: 17428.48 | FD11: 7784.6489 | FE11: 7589.6016 | FF11: 11751.324 | FG11: 10811.468 | FH11: 13900.005 | FI11: 10211.088 | FJ11: 6123.9875 | FK11: 6606.8121 | FL11: 15028.734 | FM11: 9941.4222 | FN11: 1485.7528 | FO11: 7804.6229 | FP11: 7048.4437 | FQ11: 9687.7494 | FR11: 15313.39 | FS11: 11965.615 | FT11: 11408.126 | FU11: 16090.767 | FV11: 18765.101 | FW11: 6947.4117 | FX11: 719.81097 | FY11: 7294.1628 | FZ11: 9168.8631 | GA11: 11211.001 | GB11: 10440.895 | GC11: 8699.2667 | GD11: 11694.24 | GE11: 6582.9037 | GF11: 5884.0664 | GG11: 2871.3898 | GH11: 2939.9041 | GI11: 2834.9552 | GJ11: 5771.8023 | GK11: 11797.595 | GL11: 913.02172 | GM11: 15551.966 | GN11: 11137.695 | GO11: 10502.291 | GP11: 10861.726 | GQ11: 16659.452 | GR11: 16352.839 | GS11: 7148.1627 | GT11: 10825.802
B12: Argentina | C12: Buenos Aires | D12: 15444.584 | E12: 10376.397 | F12: 10725.676 | G12: 7942.061 | H12: 5943.1832 | I12: - | J12: 13594.238 | K12: 11575.834 | L12: 12033.256 | M12: 14017.316 | N12: 7056.5501 | O12: 13428.64 | P12: 16828.199 | Q12: 5487.9616 | R12: 13005.909 | S12: 11511.598 | T12: 6649.0536 | U12: 8021.6487 | V12: 16975.218 | W12: 2374.0221 | X12: 11873.778 | Y12: 8054.9766 | Z12: 1910.5512 | AA12: 2199.096 | AB12: 16444.5 | AC12: 12144.507 | AD12: 8168.1824 | AE12: 9726.168 | AF12: 6883.0652 | AG12: 16832.33 | AH12: 8482.7376 | AI12: 8587.1617 | AJ12: 9108.9902 | AK12: 9201.4775 | AL12: 9249.9495 | AM12: 9463.4358 | AN12: 1008.3835 | AO12: 19434.6 | AP12: 19523.567 | AQ12: 4747.729 | AR12: 10408.23 | AS12: 8408.1401 | AT12: 8406.5593 | AU12: 5684.0846 | AV12: 7428.5124 | AW12: 11826.098 | AX12: 7003.1891 | AY12: 12475.737 | AZ12: 12036.481 | BA12: 12275.89 | BB12: 11821.64 | BC12: 5728.0213 | BD12: 6154.4364 | BE12: 8401.9669 | BF12: 4443.3297 | BG12: 12015.509 | BH12: 6313.8498 | BI12: 8337.024 | BJ12: 11754.312 | BK12: 13117.228 | BL12: 8412.1094 | BM12: 11351.361 | BN12: 13187.92 | BO12: 11253.547 | BP12: 8180.7963 | BQ12: 7161.33 | BR12: 13664.772 | BS12: 12125.705 | BT12: 11755.616 | BU12: 11725.187 | BV12: 7751.6344 | BW12: 11870.777 | BX12: 5380.1143 | BY12: 6468.9978 | BZ12: 7020.8066 | CA12: 7066.6761 | CB12: 4763.1831 | CC12: 6216.1967 | CD12: 6281.9273 | CE12: 12158.041 | CF12: 11662.024 | CG12: 15053.542 | CH12: 15926.259 | CI12: 15092.896 | CJ12: 13963.496 | CK12: 13275.432 | CL12: 11221.448 | CM12: 7994.6742 | CN12: 11349.536 | CO12: 11428.437 | CP12: 6282.2059 | CQ12: 18239.117 | CR12: 12463.366 | CS12: 15859.942 | CT12: 10510.399 | CU12: 13394.313 | CV12: 16090.327 | CW12: 17302.625 | CX12: 12967.045 | CY12: 12554.333 | CZ12: 7920.311 | DA12: 6988.6402 | DB12: 10774.197 | DC12: 11549.231 | DD12: 12923.563 | DE12: 11529.324 | DF12: 10256.078 | DG12: 9396.5577 | DH12: 15858.709 | DI12: 14047.503 | DJ12: 7706.9486 | DK12: 11075.041 | DL12: 10926.072 | DM12: 10936.334 | DN12: 7413.8591 | DO12: 12784.113 | DP12: 11197.929 | DQ12: 18336.347 | DR12: 11873.487 | DS12: 9565.7065 | DT12: 8553.9244 | DU12: 16793.511 | DV12: 7439.273 | DW12: 16605.518 | DX12: 11655.377 | DY12: 10114.536 | DZ12: 9772.8707 | EA12: 6038.4178 | EB12: 8518.2276 | EC12: 8635.0675 | ED12: 19455.152 | EE12: 11983.623 | EF12: 12447.494 | EG12: 13998.481 | EH12: 14859.523 | EI12: 15764.972 | EJ12: 5424.6207 | EK12: 1271.684 | EL12: 3193.7954 | EM12: 17577.888 | EN12: 12559.584 | EO12: 9814.2465 | EP12: 13470.617 | EQ12: 12449.651 | ER12: 13713.984 | ES12: 9906.4679 | ET12: 5951.0809 | EU12: 5595.6603 | EV12: 5494.2431 | EW12: 11488.069 | EX12: 7920.5642 | EY12: 12996.367 | EZ12: 7196.0231 | FA12: 12074.613 | FB12: 6961.1449 | FC12: 15787.079 | FD12: 12084.17 | FE12: 11782.723 | FF12: 11503.923 | FG12: 8211.5371 | FH12: 19425.715 | FI12: 10468.19 | FJ12: 10284.51 | FK12: 10704.195 | FL12: 14797.859 | FM12: 11213.689 | FN12: 4675.9035 | FO12: 12789.595 | FP12: 11394.214 | FQ12: 12612.251 | FR12: 18753.398 | FS12: 15513.095 | FT12: 10383.468 | FU12: 16803.971 | FV12: 15026.038 | FW12: 7910.3806 | FX12: 5223.5183 | FY12: 10849.267 | FZ12: 12661.72 | GA12: 14580.63 | GB12: 10226.811 | GC12: 13038.584 | GD12: 13678.304 | GE12: 11358.168 | GF12: 9880.5179 | GG12: 8681.9288 | GH12: 8818.381 | GI12: 8543.0021 | GJ12: 405.37979 | GK12: 15630.558 | GL12: 5226.9161 | GM12: 17812.467 | GN12: 12268.087 | GO12: 8848.1348 | GP12: 8960.2576 | GQ12: 16879.348 | GR12: 11512.327 | GS12: 11525.217 | GT12: 8158.4047
B13: Armenia | C13: Yerevan | D13: 2281.6076 | E13: 3590.7635 | F13: 3566.5206 | G13: 6280.7669 | H13: 10094.984 | I13: 13594.238 | J13: - | K13: 13652.128 | L13: 2396.7154 | M13: 446.35129 | N13: 10578.206 | O13: 1652.6083 | P13: 4661.0004 | Q13: 10198.08 | R13: 1965.2439 | S13: 3295.3431 | T13: 11978.76 | U13: 5616.2677 | V13: 4358.8447 | W13: 13050.973 | X13: 2182.9642 | Y13: 7435.6757 | Z13: 11742.989 | AA13: 11419.222 | AB13: 8046.8465 | AC13: 1778.6534 | AD13: 5426.428 | AE13: 5051.6178 | AF13: 7049.0197 | AG13: 6676.1415 | AH13: 5299.8537 | AI13: 5244.1258 | AJ13: 9124.8352 | AK13: 8785.4816 | AL13: 4762.4402 | AM13: 4260.947 | AN13: 14272.273 | AO13: 6822.3284 | AP13: 5959.5353 | AQ13: 12035.575 | AR13: 5727.7681 | AS13: 5758.9404 | AT13: 5745.8454 | AU13: 12360.311 | AV13: 6172.1413 | AW13: 2405.5513 | AX13: 11072.397 | AY13: 1120.5937 | AZ13: 2585.6524 | BA13: 2893.2002 | BB13: 3233.5547 | BC13: 10192.351 | BD13: 10594.367 | BE13: 5755.0281 | BF13: 12730.304 | BG13: 1638.4659 | BH13: 12367.987 | BI13: 5432.4907 | BJ13: 2825.7161 | BK13: 2539.1841 | BL13: 7496.6203 | BM13: 3504.8479 | BN13: 2597.3585 | BO13: 3431.3552 | BP13: 5673.4988 | BQ13: 6581.7426 | BR13: 148.75228 | BS13: 2718.2895 | BT13: 2736.8573 | BU13: 2974.8349 | BV13: 5872.114 | BW13: 1823.0987 | BX13: 10469.102 | BY13: 12349.587 | BZ13: 6625.6636 | CA13: 6631.6608 | CB13: 10586.006 | CC13: 10778.105 | CD13: 12182.769 | CE13: 2170.5095 | CF13: 4923.4616 | CG13: 3590.3564 | CH13: 3263.0474 | CI13: 8148.3868 | CJ13: 803.25964 | CK13: 767.24551 | CL13: 4019.7455 | CM13: 6975.4599 | CN13: 2683.7612 | CO13: 2903.2588 | CP13: 11118.965 | CQ13: 7954.4288 | CR13: 1234.5504 | CS13: 2409.8527 | CT13: 4657.4653 | CU13: 1247.049 | CV13: 2519.0353 | CW13: 6057.2309 | CX13: 2342.863 | CY13: 1083.1571 | CZ13: 7901.4597 | DA13: 6613.2661 | DB13: 2907.7951 | DC13: 2896.9912 | DD13: 2132.0425 | DE13: 3150.9576 | DF13: 6528.994 | DG13: 6119.0134 | DH13: 7035.816 | DI13: 4954.8915 | DJ13: 5914.5869 | DK13: 2670.2419 | DL13: 6828.098 | DM13: 6838.9409 | DN13: 12409.724 | DO13: 1458.8826 | DP13: 3052.9987 | DQ13: 4942.0826 | DR13: 2101.6179 | DS13: 4526.3256 | DT13: 7408.1322 | DU13: 5622.8633 | DV13: 7497.3104 | DW13: 3991.5186 | DX13: 3294.2824 | DY13: 15743.53 | DZ13: 15861.39 | EA13: 12294.685 | EB13: 5076.9115 | EC13: 5025.5432 | ED13: 6678.1438 | EE13: 1938.4446 | EF13: 3190.7489 | EG13: 2279.609 | EH13: 2708.8421 | EI13: 2657.8624 | EJ13: 12061.844 | EK13: 12717.449 | EL13: 13511.986 | EM13: 7859.861 | EN13: 2223.5458 | EO13: 4531.7831 | EP13: 1786.7429 | EQ13: 1566.5644 | ER13: 1808.8031 | ES13: 4857.4243 | ET13: 10137.204 | EU13: 10228.383 | EV13: 10338.839 | EW13: 2663.1965 | EX13: 5871.5127 | EY13: 1755.74 | EZ13: 6582.9583 | FA13: 2020.79 | FB13: 6672.4812 | FC13: 7363.4724 | FD13: 2334.4882 | FE13: 2506.7627 | FF13: 4235.3654 | FG13: 7478.1811 | FH13: 6867.9145 | FI13: 4121.6794 | FJ13: 4007.0512 | FK13: 3517.4826 | FL13: 5107.6873 | FM13: 2990.6099 | FN13: 10407.593 | FO13: 2807.5091 | FP13: 3050.0544 | FQ13: 1046.4818 | FR13: 7207.7553 | FS13: 2085.1097 | FT13: 5241.5333 | FU13: 6174.9542 | FV13: 9843.9932 | FW13: 5717.6212 | FX13: 10554.454 | FY13: 2992.5058 | FZ13: 1005.98 | GA13: 1161.5268 | GB13: 4600.4726 | GC13: 1574.4275 | GD13: 1987.7995 | GE13: 3599.4045 | GF13: 11577.454 | GG13: 9079.6988 | GH13: 8777.7233 | GI13: 9401.0842 | GJ13: 13188.865 | GK13: 2087.8735 | GL13: 10984.974 | GM13: 6101.686 | GN13: 2749.9415 | GO13: 6380.7653 | GP13: 6543.577 | GQ13: 6890.4676 | GR13: 13575.271 | GS13: 2956.4615 | GT13: 7562.3895
B14: Australia | C14: Sydney | D14: 11401.738 | E14: 17097.86 | F14: 17218.213 | G14: 13539.833 | H14: 16254.193 | I14: 11575.834 | J14: 13652.128 | K14: - | L14: 15972.635 | M14: 13240.801 | N14: 15289.88 | O14: 12515.84 | P14: 9043.2053 | Q14: 16179.89 | R14: 15146.92 | S14: 16754.451 | T14: 13868.554 | U14: 15555.601 | V14: 9396.355 | W14: 13076.606 | X14: 15835.042 | Y14: 11339.34 | Z14: 13362.76 | AA14: 13526.274 | AB14: 5700.2467 | AC14: 15426.403 | AD14: 16314.388 | AE14: 12673.907 | AF14: 17843.499 | AG14: 7027.1073 | AH14: 14821.218 | AI14: 14647.813 | AJ14: 15583.43 | AK14: 15902.027 | AL14: 14124.286 | AM14: 14991.035 | AN14: 11391.059 | AO14: 7872.498 | AP14: 8913.4953 | AQ14: 14330.186 | AR14: 10897.331 | AS14: 13720.634 | AT14: 13754.551 | AU14: 13808.822 | AV14: 15929.38 | AW14: 16044.624 | AX14: 14735.329 | AY14: 14405.252 | AZ14: 16085.624 | BA14: 16051.984 | BB14: 12420.119 | BC14: 16175.747 | BD14: 15642.996 | BE14: 13743.44 | BF14: 13637.578 | BG14: 14404.935 | BH14: 13579.82 | BI14: 14868.521 | BJ14: 12995.744 | BK14: 15236.462 | BL14: 10812.602 | BM14: 12644.962 | BN14: 15184.746 | BO14: 16970.781 | BP14: 14552.568 | BQ14: 17395.797 | BR14: 13684.041 | BS14: 16097.119 | BT14: 16313.065 | BU14: 16468.49 | BV14: 15661.18 | BW14: 15322.791 | BX14: 15908.385 | BY14: 13534.796 | BZ14: 16855.901 | CA14: 17167.646 | CB14: 15746.253 | CC14: 15412.868 | CD14: 13797.925 | CE14: 15768.671 | CF14: 16615.107 | CG14: 10138.276 | CH14: 10401.69 | CI14: 5524.6497 | CJ14: 12889.746 | CK14: 13378.765 | CL14: 17208.61 | CM14: 19396.579 | CN14: 16320.724 | CO14: 16540.651 | CP14: 14998.767 | CQ14: 7821.4407 | CR14: 14076.251 | CS14: 12220.94 | CT14: 12171.354 | CU14: 12879.059 | CV14: 11514.781 | CW14: 7701.5441 | CX14: 15314.51 | CY14: 14170.262 | CZ14: 10841.522 | DA14: 16393.002 | DB14: 16124.3 | DC14: 16501.921 | DD14: 15276.879 | DE14: 16670.668 | DF14: 10064.965 | DG14: 11534.881 | DH14: 6617.6618 | DI14: 9130.0538 | DJ14: 16783.039 | DK14: 16083.598 | DL14: 9104.9678 | DM14: 9083.8179 | DN14: 12982.56 | DO14: 15026.62 | DP14: 16704.467 | DQ14: 10096.138 | DR14: 15748.194 | DS14: 17975.026 | DT14: 10766.277 | DU14: 8058.1716 | DV14: 12090.583 | DW14: 9719.7607 | DX14: 16658.697 | DY14: 2174.8904 | DZ14: 2209.6515 | EA14: 13765.981 | EB14: 16134.974 | EC14: 15394.579 | ED14: 8533.4237 | EE14: 15580.622 | EF14: 15972.46 | EG14: 11657.954 | EH14: 10998.349 | EI14: 11040.769 | EJ14: 14200.039 | EK14: 12808.716 | EL14: 12822.401 | EM14: 6236.8475 | EN14: 15582.312 | EO14: 18162.089 | EP14: 12373.116 | EQ14: 15213.435 | ER14: 14483.015 | ES14: 12709.647 | ET14: 16206.612 | EU14: 16147.151 | EV14: 16037.852 | EW14: 16315.321 | EX14: 14753.103 | EY14: 12773.509 | EZ14: 17544.282 | FA14: 15669.385 | FB14: 16742.064 | FC14: 6289.2135 | FD14: 15910.071 | FE14: 16137.229 | FF14: 11583.746 | FG14: 11080.838 | FH14: 8310.9277 | FI14: 13006.358 | FJ14: 17649.069 | FK14: 17162.873 | FL14: 8729.5478 | FM14: 13574.823 | FN14: 15869.201 | FO14: 15591.474 | FP14: 16664.478 | FQ14: 14085.623 | FR14: 7250.2329 | FS14: 11688.719 | FT14: 11544.501 | FU14: 7511.2986 | FV14: 3874.3885 | FW14: 15633.671 | FX14: 15823.177 | FY14: 16473.03 | FZ14: 14599.995 | GA14: 12511.895 | GB14: 12634.071 | GC14: 14945.06 | GD14: 12072.73 | GE14: 16984.391 | GF14: 12090.361 | GG14: 16006.318 | GH14: 16257.12 | GI14: 15729.734 | GJ14: 11905.128 | GK14: 11809.276 | GL14: 15384.92 | GM14: 7777.1454 | GN14: 12485.634 | GO14: 11865.418 | GP14: 11479.115 | GQ14: 6829.9519 | GR14: 226.37008 | GS14: 16552.307 | GT14: 11027.11
B15: Austria | C15: Vienna | D15: 4583.6082 | E15: 1686.723 | F15: 1330.779 | G15: 6303.0834 | H15: 7721.5183 | I15: 12033.256 | J15: 2396.7154 | K15: 15972.635 | L15: - | M15: 2771.3476 | N15: 8205.0063 | O15: 3836.6014 | P15: 6930.0715 | Q15: 7860.0302 | R15: 981.20655 | S15: 909.05635 | T15: 9624.9579 | U15: 4837.9274 | V15: 6577.5217 | W15: 10929.929 | X15: 535.31555 | Y15: 8123.2587 | Z15: 10124.788 | AA15: 9859.165 | AB15: 10280.985 | AC15: 833.38155 | AD15: 4317.281 | AE15: 5839.5459 | AF15: 5155.741 | AG15: 8945.5577 | AH15: 4939.8255 | AI15: 4983.2988 | AJ15: 6910.8989 | AK15: 6557.0537 | AL15: 4884.571 | AM15: 4008.1019 | AN15: 12457.918 | AO15: 8490.3667 | AP15: 7490.4871 | AQ15: 9664.6985 | AR15: 7131.6949 | AS15: 5832.5741 | AT15: 5806.4764 | AU15: 9966.1622 | AV15: 5129.9036 | AW15: 295.37108 | AX15: 8713.415 | AY15: 2016.176 | AZ15: 259.3434 | BA15: 853.11586 | BB15: 4775.2251 | BC15: 7830.6015 | BD15: 8198.8924 | BE15: 5818.6531 | BF15: 10359.014 | BG15: 2381.028 | BH15: 10001.368 | BI15: 5021.5755 | BJ15: 4194.1304 | BK15: 1346.5063 | BL15: 8393.6524 | BM15: 4820.3222 | BN15: 1452.6458 | BO15: 1036.2666 | BP15: 5365.0352 | BQ15: 4902.4141 | BR15: 2337.4105 | BS15: 510.48224 | BT15: 344.18334 | BU15: 591.26093 | BV15: 5000.8174 | BW15: 1310.7943 | BX15: 8122.3564 | BY15: 9993.7449 | BZ15: 5134.8938 | CA15: 5025.8145 | CB15: 8309.8921 | CC15: 8381.3902 | CD15: 9809.3 | CE15: 230.98335 | CF15: 2870.5835 | CG15: 5986.8224 | CH15: 5588.1821 | CI15: 10524.637 | CJ15: 3195.6935 | CK15: 2865.6766 | CL15: 1666.8386 | CM15: 4640.2686 | CN15: 794.31856 | CO15: 610.91718 | CP15: 8725.0321 | CQ15: 9146.7787 | CR15: 2456.0799 | CS15: 3888.9942 | CT15: 5820.2427 | CU15: 3421.1196 | CV15: 4484.8548 | CW15: 8276.4312 | CX15: 1075.3912 | CY15: 2270.7924 | CZ15: 8666.234 | DA15: 5302.999 | DB15: 1757.9824 | DC15: 530.65485 | DD15: 933.60013 | DE15: 755.04813 | DF15: 8032.1477 | DG15: 7115.9004 | DH15: 9394.0494 | DI15: 7287.7551 | DJ15: 4546.9656 | DK15: 1407.633 | DL15: 8615.9529 | DM15: 8631.4461 | DN15: 10165.347 | DO15: 955.52834 | DP15: 835.87963 | DQ15: 6318.91 | DR15: 674.74017 | DS15: 2472.1108 | DT15: 8351.2829 | DU15: 7917.2728 | DV15: 7836.3339 | DW15: 6253.637 | DX15: 947.48636 | DY15: 17868.429 | DZ15: 18133.464 | EA15: 9911.0066 | EB15: 4090.0821 | EC15: 4424.0113 | ED15: 8065.7362 | EE15: 785.88744 | EF15: 1324.934 | EG15: 4607.0695 | EH15: 5105.5074 | EI15: 4937.9453 | EJ15: 9665.7675 | EK15: 10930.364 | EL15: 11235.028 | EM15: 9878.7907 | EN15: 560.93308 | EO15: 2301.4842 | EP15: 3985.416 | EQ15: 871.72121 | ER15: 1684.7287 | ES15: 5687.1719 | ET15: 7761.2597 | EU15: 7876.6013 | EV15: 7989.565 | EW15: 591.80521 | EX15: 5423.087 | EY15: 3734.262 | EZ15: 4852.6587 | FA15: 513.28732 | FB15: 5217.0554 | FC15: 9717.4469 | FD15: 63.147224 | FE15: 271.96181 | FF15: 5831.1258 | FG15: 8265.3896 | FH15: 8283.9343 | FI15: 5028.2384 | FJ15: 1788.6185 | FK15: 1335.1003 | FL15: 7496.3722 | FM15: 3936.3323 | FN15: 8171.6743 | FO15: 1237.681 | FP15: 694.82508 | FQ15: 2341.5277 | FR15: 9016.1875 | FS15: 4284.2412 | FT15: 6511.8388 | FU15: 8462.4888 | FV15: 12104.919 | FW15: 4885.4562 | FX15: 8218.2148 | FY15: 1385.2017 | FZ15: 1612.2154 | GA15: 3489.5189 | GB15: 5549.2438 | GC15: 1047.9896 | GD15: 4249.497 | GE15: 1220.4554 | GF15: 9819.689 | GG15: 6791.3598 | GH15: 6485.5695 | GI15: 7117.2702 | GJ15: 11648.453 | GK15: 4167.7527 | GL15: 8621.8579 | GM15: 8230.9496 | GN15: 4449.8251 | GO15: 7148.6495 | GP15: 7435.9549 | GQ15: 9144.0094 | GR15: 15921.631 | GS15: 579.73817 | GT15: 8347.8148
B16: Azerbaijan | C16: Baku | D16: 1849.2851 | E16: 4029.279 | F16: 3981.6891 | G16: 6586.3652 | H16: 10489.842 | I16: 14017.316 | J16: 446.35129 | K16: 13240.801 | L16: 2771.3476 | M16: - | N16: 10900.869 | O16: 1579.3401 | P16: 4228.2331 | Q16: 10608.52 | R16: 2224.4794 | S16: 3654.3956 | T16: 12281.315 | U16: 6018.8742 | V16: 3918.773 | W16: 13494.907 | X16: 2599.4698 | Y16: 7615.1913 | Z16: 12176.768 | AA16: 11850.143 | AB16: 7613.2863 | AC16: 2203.7903 | AD16: 5853.4815 | AE16: 5258.303 | AF16: 7495.1214 | AG16: 6246.2821 | AH16: 5667.4346 | AI16: 5601.8255 | AJ16: 9369.2197 | AK16: 9037.6317 | AL16: 5082.569 | AM16: 4635.9764 | AN16: 14711.545 | AO16: 6389.3601 | AP16: 5541.5912 | AQ16: 12432.693 | AR16: 5785.4133 | AS16: 6066.0882 | AT16: 6055.0098 | AU16: 12707.822 | AV16: 6589.8204 | AW16: 2805.9639 | AX16: 11381.834 | AY16: 1543.7822 | AZ16: 2941.8168 | BA16: 3190.8271 | BB16: 3327.633 | BC16: 10593.524 | BD16: 10964.963 | BE16: 6063.6216 | BF16: 13127.425 | BG16: 2021.0117 | BH16: 12679.774 | BI16: 5803.4182 | BJ16: 2988.0168 | BK16: 2737.2882 | BL16: 7634.9609 | BM16: 3647.5517 | BN16: 2780.6093 | BO16: 3807.2565 | BP16: 6029.8483 | BQ16: 7026.848 | BR16: 443.93597 | BS16: 3050.6046 | BT16: 3114.8458 | BU16: 3335.6742 | BV16: 6279.6473 | BW16: 2269.1678 | BX16: 10876.709 | BY16: 12652.428 | BZ16: 7065.4266 | CA16: 7075.0855 | CB16: 11011.716 | CC16: 11140.254 | CD16: 12501.521 | CE16: 2550.881 | CF16: 5160.8117 | CG16: 3241.8218 | CH16: 2840.827 | CI16: 7754.8315 | CJ16: 560.47331 | CK16: 916.72191 | CL16: 4355.9777 | CM16: 7383.7724 | CN16: 3110.4181 | CO16: 3303.7391 | CP16: 11467.748 | CQ16: 7558.3053 | CR16: 1589.8074 | CS16: 2059.8804 | CT16: 4797.4445 | CU16: 1230.2444 | CV16: 2083.8015 | CW16: 5619.6318 | CX16: 2578.9671 | CY16: 1470.4368 | CZ16: 8059.2303 | DA16: 7044.8747 | DB16: 3353.7479 | DC16: 3284.8422 | DD16: 2392.1802 | DE16: 3519.6641 | DF16: 6546.8595 | DG16: 6261.1791 | DH16: 6631.4238 | DI16: 4683.4473 | DJ16: 6351.765 | DK16: 3116.0285 | DL16: 6762.7837 | DM16: 6772.0912 | DN16: 12647.307 | DO16: 1817.9325 | DP16: 3464.4031 | DQ16: 4549.5251 | DR16: 2526.1234 | DS16: 4962.6949 | DT16: 7538.6294 | DU16: 5196.5279 | DV16: 7736.5069 | DW16: 3556.3304 | DX16: 3637.2598 | DY16: 15313.048 | DZ16: 15447.157 | EA16: 12624.478 | EB16: 5499.5102 | EC16: 5420.2865 | ED16: 6269.9885 | EE16: 2366.4056 | EF16: 3443.9672 | EG16: 2054.1756 | EH16: 2361.8516 | EI16: 2222.1917 | EJ16: 12429.208 | EK16: 13158.445 | EL16: 13940.71 | EM16: 7413.6829 | EN16: 2537.1648 | EO16: 4953.3728 | EP16: 1691.6905 | EQ16: 1972.8106 | ER16: 1929.2719 | ES16: 5061.0543 | ET16: 10530.502 | EU16: 10633.892 | EV16: 10745.402 | EW16: 3078.0327 | EX16: 6240.3412 | EY16: 1789.8958 | EZ16: 7028.8065 | FA16: 2428.7643 | FB16: 7110.7227 | FC16: 6957.3308 | FD16: 2708.3673 | FE16: 2902.7483 | FF16: 4277.5562 | FG16: 7638.2695 | FH16: 6455.826 | FI16: 4331.6883 | FJ16: 4427.3494 | FK16: 3937.8002 | FL16: 4777.6091 | FM16: 3239.1395 | FN16: 10839.272 | FO16: 3039.1012 | FP16: 3441.8332 | FQ16: 1420.0369 | FR16: 6765.9392 | FS16: 1639.1069 | FT16: 5342.0423 | FU16: 5747.8797 | FV16: 9416.1688 | FW16: 6123.5267 | FX16: 10965.763 | FY16: 3435.2279 | FZ16: 1451.2248 | GA16: 730.20632 | GB16: 4787.6292 | GC16: 1865.1698 | GD16: 1832.5755 | GE16: 3951.6515 | GF16: 11654.423 | GG16: 9355.8041 | GH16: 9057.0716 | GI16: 9673.5152 | GJ16: 13612.022 | GK16: 1645.7609 | GL16: 11385.892 | GM16: 5657.4625 | GN16: 2819.439 | GO16: 6563.2458 | GP16: 6698.9692 | GQ16: 6458.312 | GR16: 13171.028 | GS16: 3341.8883 | GT16: 7721.4838
B17: Bahamas | C17: Nassau | D17: 12521.068 | E17: 7562.2838 | F17: 7257.6251 | G17: 10441.47 | H17: 1819.1324 | I17: 7056.5501 | J17: 10578.206 | K17: 15289.88 | L17: 8205.0063 | M17: 10900.869 | N17: - | O17: 12008.861 | P17: 14457.539 | Q17: 2302.03 | R17: 8688.3304 | S17: 7296.436 | T17: 1444.9757 | U17: 8671.2447 | V17: 14019.709 | W17: 4691.6136 | X17: 8535.1584 | Y17: 12336.972 | Z17: 6328.6869 | AA17: 6472.6935 | AB17: 16472.62 | AC17: 8950.7997 | AD17: 8033.7807 | AE17: 11805.195 | AF17: 5700.0587 | AG17: 15965.618 | AH17: 9505.6664 | AI17: 9696.9607 | AJ17: 2083.3701 | AK17: 2254.0256 | AL17: 10365.449 | AM17: 9618.1291 | AN17: 6521.3925 | AO17: 13450.849 | AP17: 12698.425 | AQ17: 2328.0901 | AR17: 13585.535 | AS17: 10463.893 | AT17: 10433.306 | AU17: 1868.3067 | AV17: 8062.8869 | AW17: 8257.819 | AX17: 554.69962 | AY17: 10106.317 | AZ17: 7998.2973 | BA17: 7711.1233 | BB17: 12320.135 | BC17: 1991.0977 | BD17: 1086.5244 | BE17: 10441.469 | BF17: 2804.8413 | BG17: 10231.048 | BH17: 1797.5582 | BI17: 9412.374 | BJ17: 11741.974 | BK17: 8266.3405 | BL17: 12921.107 | BM17: 12086.144 | BN17: 8254.3997 | BO17: 7193.033 | BP17: 9639.1936 | BQ17: 6468.113 | BR17: 10497 | BS17: 7860.498 | BT17: 7877.279 | BU17: 7616.2032 | BV17: 8461.8921 | BW17: 9206.4121 | BX17: 2173.4105 | BY17: 1803.1352 | BZ17: 6931.0397 | CA17: 6639.8925 | CB17: 2893.9329 | CC17: 901.70467 | CD17: 1604.9978 | CE17: 8435.7072 | CF17: 5873.675 | CG17: 14137.252 | CH17: 13471.194 | CI17: 17872.248 | CJ17: 11381.288 | CK17: 11058.682 | CL17: 6558.7689 | CM17: 4158.9196 | CN17: 8154.2076 | CO17: 7785.0156 | CP17: 787.25498 | CQ17: 12224.667 | CR17: 10495.036 | CS17: 11002.583 | CT17: 12438.815 | CU17: 11605.504 | CV17: 11956.952 | CW17: 15274.538 | CX17: 8361.7091 | CY17: 10359.654 | CZ17: 12660.477 | DA17: 7375.9977 | DB17: 8569.3109 | DC17: 7745.6411 | DD17: 8522.5707 | DE17: 7453.2732 | DF17: 14278.617 | DG17: 12718.985 | DH17: 16882.416 | DI17: 15477.185 | DJ17: 7397.9088 | DK17: 8550.6372 | DL17: 15332.256 | DM17: 15354.105 | DN17: 2344.458 | DO17: 9120.4817 | DP17: 7701.8963 | DQ17: 11890.615 | DR17: 8656.5464 | DS17: 6750.2063 | DT17: 13023.124 | DU17: 15345.402 | DV17: 11440.031 | DW17: 13880.354 | DX17: 7285.2381 | DY17: 13185.584 | DZ17: 13299.573 | EA17: 1726.5841 | EB17: 8321.8929 | EC17: 9035.13 | ED17: 12509.196 | EE17: 8826.361 | EF17: 7497.7181 | EG17: 12809.866 | EH17: 13261.457 | EI17: 12796.329 | EJ17: 1797.8278 | EK17: 5972.9087 | EL17: 4119.8291 | EM17: 15205.07 | EN17: 8365.3151 | EO17: 6464.7997 | EP17: 12157.634 | EQ17: 9071.9656 | ER17: 9138.1555 | ES17: 11816.541 | ET17: 1762.9866 | EU17: 2126.5847 | EV17: 2147.5899 | EW17: 8083.348 | EX17: 9357.3379 | EY17: 11827.447 | EZ17: 6335.9941 | FA17: 8648.8603 | FB17: 7007.5186 | FC17: 17077.253 | FD17: 8265.0892 | FE17: 8146.405 | FF17: 13131.074 | FG17: 12615.634 | FH17: 12651.195 | FI17: 11649.156 | FJ17: 6911.4724 | FK17: 7349.1135 | FL17: 15678.451 | FM17: 11164.479 | FN17: 3205.2028 | FO17: 7922.8577 | FP17: 7610.7287 | FQ17: 10441.187 | FR17: 14091.73 | FS17: 12112.01 | FT17: 12991.498 | FU17: 15725.507 | FV17: 16988.701 | FW17: 8554.7843 | FX17: 2302.5975 | FY17: 8159.427 | FZ17: 9791.8173 | GA17: 11561.301 | GB17: 11954.944 | GC17: 9035.7081 | GD17: 12437.489 | GE17: 6987.1261 | GF17: 4065.7227 | GG17: 1766.6216 | GH17: 2005.4149 | GI17: 1540.9429 | GJ17: 6985.349 | GK17: 11870.081 | GL17: 1988.3626 | GM17: 14880.707 | GN17: 12236.626 | GO17: 12238.55 | GP17: 12609.024 | GQ17: 16004.646 | GR17: 15461.108 | GS17: 7681.0497 | GT17: 12632.977
